Date & Time,Inactivity,Over past 30 days
2009-11-27 04:00:00,1898,1898.0
2009-11-28 04:00:00,0,949.0
2009-11-29 04:00:00,0,632.6666666666666
2009-11-30 04:00:00,1,474.75
2009-12-01 04:00:00,2,380.2
2009-12-02 04:00:00,3,317.3333333333333
2009-12-03 04:00:00,4,272.57142857142856
2009-12-04 04:00:00,5,239.125
2009-12-05 04:00:00,6,213.22222222222223
2009-12-06 04:00:00,7,192.6
2009-12-07 04:00:00,8,175.8181818181818
2009-12-08 04:00:00,9,161.91666666666666
2009-12-09 04:00:00,10,150.23076923076923
2009-12-10 04:00:00,11,140.28571428571428
2009-12-11 04:00:00,12,131.73333333333332
2009-12-12 04:00:00,13,124.3125
2009-12-13 04:00:00,14,117.82352941176471
2009-12-14 04:00:00,15,112.11111111111111
2009-12-15 04:00:00,16,107.05263157894737
2009-12-16 04:00:00,17,102.55
2009-12-17 04:00:00,18,98.52380952380952
2009-12-18 04:00:00,19,94.9090909090909
2009-12-19 04:00:00,20,91.65217391304348
2009-12-20 04:00:00,21,88.70833333333333
2009-12-21 04:00:00,22,86.04
2009-12-22 04:00:00,23,83.61538461538461
2009-12-23 04:00:00,24,81.4074074074074
2009-12-24 04:00:00,25,79.39285714285714
2009-12-25 04:00:00,26,77.55172413793103
2009-12-26 04:00:00,27,75.86666666666666
2009-12-27 04:00:00,28,13.533333333333333
2009-12-28 04:00:00,29,14.5
2009-12-29 04:00:00,30,15.5
2009-12-30 04:00:00,31,16.5
2009-12-31 04:00:00,32,17.0
2010-01-01 04:00:00,33,18.0
2010-01-02 04:00:00,34,19.0
2010-01-03 04:00:00,35,20.0
2010-01-04 04:00:00,36,21.0
2010-01-05 04:00:00,37,22.0
2010-01-06 04:00:00,38,23.0
2010-01-07 04:00:00,0,22.741935483870968
2010-01-08 04:00:00,0,22.451612903225808
2010-01-09 04:00:00,1,22.161290322580644
2010-01-10 04:00:00,2,21.870967741935484
2010-01-11 04:00:00,0,21.483870967741936
2010-01-12 04:00:00,1,21.096774193548388
2010-01-13 04:00:00,2,20.70967741935484
2010-01-14 04:00:00,3,20.322580645161292
2010-01-15 04:00:00,4,19.93548387096774
2010-01-16 04:00:00,0,19.387096774193548
2010-01-17 04:00:00,1,18.838709677419356
2010-01-18 04:00:00,2,18.29032258064516
2010-01-19 04:00:00,3,17.741935483870968
2010-01-20 04:00:00,4,17.193548387096776
2010-01-21 04:00:00,5,16.64516129032258
2010-01-22 04:00:00,6,16.096774193548388
2010-01-23 04:00:00,7,15.548387096774194
2010-01-24 04:00:00,8,15.0
2010-01-25 04:00:00,9,14.451612903225806
2010-01-26 04:00:00,10,13.903225806451612
2010-01-27 04:00:00,11,13.35483870967742
2010-01-28 04:00:00,12,12.806451612903226
2010-01-29 04:00:00,13,12.258064516129032
2010-01-30 04:00:00,14,11.709677419354838
2010-01-31 04:00:00,0,10.67741935483871
2010-02-01 04:00:00,0,9.612903225806452
2010-02-02 04:00:00,0,8.516129032258064
2010-02-03 04:00:00,0,7.387096774193548
2010-02-04 04:00:00,1,6.258064516129032
2010-02-05 04:00:00,2,5.129032258064516
2010-02-06 04:00:00,3,4.0
2010-02-07 04:00:00,4,4.129032258064516
2010-02-08 04:00:00,5,4.290322580645161
2010-02-09 04:00:00,0,4.258064516129032
2010-02-10 04:00:00,1,4.225806451612903
2010-02-11 04:00:00,2,4.290322580645161
2010-02-12 04:00:00,3,4.354838709677419
2010-02-13 04:00:00,0,4.290322580645161
2010-02-14 04:00:00,0,4.193548387096774
2010-02-15 04:00:00,0,4.064516129032258
2010-02-16 04:00:00,1,4.096774193548387
2010-02-17 04:00:00,2,4.129032258064516
2010-02-18 04:00:00,0,4.064516129032258
2010-02-19 04:00:00,1,4.0
2010-02-20 04:00:00,2,3.935483870967742
2010-02-21 04:00:00,3,3.870967741935484
2010-02-22 04:00:00,4,3.806451612903226
2010-02-23 04:00:00,5,3.7419354838709675
2010-02-24 04:00:00,0,3.4838709677419355
2010-02-25 04:00:00,1,3.225806451612903
2010-02-26 04:00:00,2,2.967741935483871
2010-02-27 04:00:00,0,2.6129032258064515
2010-02-28 04:00:00,0,2.225806451612903
2010-03-01 04:00:00,1,1.5357142857142858
2010-03-02 04:00:00,0,1.5357142857142858
2010-03-03 04:00:00,0,1.5357142857142858
2010-03-04 04:00:00,0,1.5
2010-03-05 04:00:00,1,1.4642857142857142
2010-03-06 04:00:00,0,1.3571428571428572
2010-03-07 04:00:00,0,1.2142857142857142
2010-03-08 04:00:00,0,1.0357142857142858
2010-03-09 04:00:00,0,1.0357142857142858
2010-03-10 04:00:00,1,1.0357142857142858
2010-03-11 04:00:00,2,1.0357142857142858
2010-03-12 04:00:00,3,1.0357142857142858
2010-03-13 04:00:00,0,1.0357142857142858
2010-03-14 04:00:00,0,1.0357142857142858
2010-03-15 04:00:00,1,1.0714285714285714
2010-03-16 04:00:00,2,1.1071428571428572
2010-03-17 04:00:00,3,1.1428571428571428
2010-03-18 04:00:00,4,1.2857142857142858
2010-03-19 04:00:00,0,1.25
2010-03-20 04:00:00,0,1.1785714285714286
2010-03-21 04:00:00,1,1.1071428571428572
2010-03-22 04:00:00,2,1.0357142857142858
2010-03-23 04:00:00,3,0.9642857142857143
2010-03-24 04:00:00,4,1.1071428571428572
2010-03-25 04:00:00,5,1.25
2010-03-26 04:00:00,0,1.1785714285714286
2010-03-27 04:00:00,0,1.1785714285714286
2010-03-28 04:00:00,0,1.1785714285714286
2010-03-29 04:00:00,1,1.1724137931034482
2010-03-30 04:00:00,0,1.1333333333333333
2010-03-31 04:00:00,1,1.1290322580645162
2010-04-01 04:00:00,2,1.1612903225806452
2010-04-02 04:00:00,0,1.1612903225806452
2010-04-03 04:00:00,0,1.1612903225806452
2010-04-04 04:00:00,0,1.1612903225806452
2010-04-05 04:00:00,0,1.1290322580645162
2010-04-06 04:00:00,0,1.1290322580645162
2010-04-07 04:00:00,0,1.1290322580645162
2010-04-08 04:00:00,0,1.1290322580645162
2010-04-09 04:00:00,0,1.1290322580645162
2010-04-10 04:00:00,0,1.096774193548387
2010-04-11 04:00:00,1,1.064516129032258
2010-04-12 04:00:00,2,1.032258064516129
2010-04-13 04:00:00,0,1.032258064516129
2010-04-14 04:00:00,0,1.032258064516129
2010-04-15 04:00:00,0,1.0
2010-04-16 04:00:00,0,0.9354838709677419
2010-04-17 04:00:00,1,0.8709677419354839
2010-04-18 04:00:00,0,0.7419354838709677
2010-04-19 04:00:00,0,0.7419354838709677
2010-04-20 04:00:00,0,0.7419354838709677
2010-04-21 04:00:00,0,0.7096774193548387
2010-04-22 04:00:00,1,0.6774193548387096
2010-04-23 04:00:00,0,0.5806451612903226
2010-04-24 04:00:00,0,0.45161290322580644
2010-04-25 04:00:00,0,0.2903225806451613
2010-04-26 04:00:00,0,0.2903225806451613
2010-04-27 04:00:00,0,0.2903225806451613
2010-04-28 04:00:00,1,0.3225806451612903
2010-04-29 04:00:00,0,0.2903225806451613
2010-04-30 04:00:00,0,0.2903225806451613
2010-05-01 04:00:00,1,0.23333333333333334
2010-05-02 04:00:00,0,0.23333333333333334
2010-05-03 04:00:00,0,0.23333333333333334
2010-05-04 04:00:00,1,0.26666666666666666
2010-05-05 04:00:00,0,0.26666666666666666
2010-05-06 04:00:00,1,0.3
2010-05-07 04:00:00,2,0.36666666666666664
2010-05-08 04:00:00,0,0.36666666666666664
2010-05-09 04:00:00,0,0.36666666666666664
2010-05-10 04:00:00,1,0.4
2010-05-11 04:00:00,2,0.43333333333333335
2010-05-12 04:00:00,3,0.4666666666666667
2010-05-13 04:00:00,4,0.6
2010-05-14 04:00:00,5,0.7666666666666667
2010-05-15 04:00:00,6,0.9666666666666667
2010-05-16 04:00:00,7,1.2
2010-05-17 04:00:00,0,1.1666666666666667
2010-05-18 04:00:00,0,1.1666666666666667
2010-05-19 04:00:00,0,1.1666666666666667
2010-05-20 04:00:00,1,1.2
2010-05-21 04:00:00,2,1.2666666666666666
2010-05-22 04:00:00,3,1.3333333333333333
2010-05-23 04:00:00,4,1.4666666666666666
2010-05-24 04:00:00,5,1.6333333333333333
2010-05-25 04:00:00,6,1.8333333333333333
2010-05-26 04:00:00,0,1.8333333333333333
2010-05-27 04:00:00,0,1.8333333333333333
2010-05-28 04:00:00,0,1.8
2010-05-29 04:00:00,1,1.8333333333333333
2010-05-30 04:00:00,2,1.9
2010-05-31 04:00:00,3,1.935483870967742
2010-06-01 04:00:00,4,2.032258064516129
2010-06-02 04:00:00,5,2.193548387096774
2010-06-03 04:00:00,0,2.193548387096774
2010-06-04 04:00:00,1,2.193548387096774
2010-06-05 04:00:00,0,2.193548387096774
2010-06-06 04:00:00,1,2.193548387096774
2010-06-07 04:00:00,2,2.193548387096774
2010-06-08 04:00:00,3,2.2903225806451615
2010-06-09 04:00:00,4,2.4193548387096775
2010-06-10 04:00:00,0,2.3870967741935485
2010-06-11 04:00:00,0,2.3225806451612905
2010-06-12 04:00:00,0,2.225806451612903
2010-06-13 04:00:00,0,2.096774193548387
2010-06-14 04:00:00,1,1.967741935483871
2010-06-15 04:00:00,0,1.7741935483870968
2010-06-16 04:00:00,0,1.5483870967741935
2010-06-17 04:00:00,0,1.5483870967741935
2010-06-18 04:00:00,1,1.5806451612903225
2010-06-19 04:00:00,2,1.6451612903225807
2010-06-20 04:00:00,0,1.6129032258064515
2010-06-21 04:00:00,0,1.5483870967741935
2010-06-22 04:00:00,1,1.4838709677419355
2010-06-23 04:00:00,0,1.3548387096774193
2010-06-24 04:00:00,1,1.2258064516129032
2010-06-25 04:00:00,0,1.032258064516129
2010-06-26 04:00:00,1,1.064516129032258
2010-06-27 04:00:00,2,1.1290322580645162
2010-06-28 04:00:00,3,1.2258064516129032
2010-06-29 04:00:00,4,1.3225806451612903
2010-06-30 04:00:00,0,1.2580645161290323
2010-07-01 04:00:00,0,1.0666666666666667
2010-07-02 04:00:00,0,0.9
2010-07-03 04:00:00,1,0.9333333333333333
2010-07-04 04:00:00,2,0.9666666666666667
2010-07-05 04:00:00,3,1.0666666666666667
2010-07-06 04:00:00,4,1.1666666666666667
2010-07-07 04:00:00,5,1.2666666666666666
2010-07-08 04:00:00,6,1.3666666666666667
2010-07-09 04:00:00,7,1.4666666666666666
2010-07-10 04:00:00,8,1.7333333333333334
2010-07-11 04:00:00,9,2.033333333333333
2010-07-12 04:00:00,10,2.3666666666666667
2010-07-13 04:00:00,11,2.7333333333333334
2010-07-14 04:00:00,12,3.1
2010-07-15 04:00:00,13,3.533333333333333
2010-07-16 04:00:00,14,4.0
2010-07-17 04:00:00,15,4.5
2010-07-18 04:00:00,16,5.0
2010-07-19 04:00:00,17,5.5
2010-07-20 04:00:00,18,6.1
2010-07-21 04:00:00,19,6.733333333333333
2010-07-22 04:00:00,20,7.366666666666666
2010-07-23 04:00:00,0,7.366666666666666
2010-07-24 04:00:00,1,7.366666666666666
2010-07-25 04:00:00,2,7.433333333333334
2010-07-26 04:00:00,0,7.4
2010-07-27 04:00:00,0,7.333333333333333
2010-07-28 04:00:00,0,7.233333333333333
2010-07-29 04:00:00,1,7.133333333333334
2010-07-30 04:00:00,2,7.2
2010-07-31 04:00:00,3,7.064516129032258
2010-08-01 04:00:00,4,7.193548387096774
2010-08-02 04:00:00,5,7.354838709677419
2010-08-03 04:00:00,6,7.516129032258065
2010-08-04 04:00:00,7,7.67741935483871
2010-08-05 04:00:00,8,7.838709677419355
2010-08-06 04:00:00,0,7.709677419354839
2010-08-07 04:00:00,1,7.580645161290323
2010-08-08 04:00:00,0,7.387096774193548
2010-08-09 04:00:00,1,7.193548387096774
2010-08-10 04:00:00,0,6.935483870967742
2010-08-11 04:00:00,0,6.645161290322581
2010-08-12 04:00:00,1,6.354838709677419
2010-08-13 04:00:00,2,6.064516129032258
2010-08-14 04:00:00,3,5.774193548387097
2010-08-15 04:00:00,4,5.483870967741935
2010-08-16 04:00:00,5,5.193548387096774
2010-08-17 04:00:00,0,4.709677419354839
2010-08-18 04:00:00,0,4.193548387096774
2010-08-19 04:00:00,1,3.6774193548387095
2010-08-20 04:00:00,2,3.161290322580645
2010-08-21 04:00:00,3,2.6451612903225805
2010-08-22 04:00:00,4,2.129032258064516
2010-08-23 04:00:00,5,2.2903225806451615
2010-08-24 04:00:00,6,2.4516129032258065
2010-08-25 04:00:00,7,2.6129032258064515
2010-08-26 04:00:00,8,2.870967741935484
2010-08-27 04:00:00,9,3.161290322580645
2010-08-28 04:00:00,0,3.161290322580645
2010-08-29 04:00:00,1,3.161290322580645
2010-08-30 04:00:00,2,3.161290322580645
2010-08-31 04:00:00,0,3.064516129032258
2010-09-01 04:00:00,0,2.935483870967742
2010-09-02 04:00:00,0,2.774193548387097
2010-09-03 04:00:00,0,2.5806451612903225
2010-09-04 04:00:00,0,2.3548387096774195
2010-09-05 04:00:00,1,2.129032258064516
2010-09-06 04:00:00,2,2.193548387096774
2010-09-07 04:00:00,0,2.161290322580645
2010-09-08 04:00:00,0,2.161290322580645
2010-09-09 04:00:00,1,2.161290322580645
2010-09-10 04:00:00,0,2.161290322580645
2010-09-11 04:00:00,0,2.161290322580645
2010-09-12 04:00:00,0,2.129032258064516
2010-09-13 04:00:00,0,2.064516129032258
2010-09-14 04:00:00,1,2.0
2010-09-15 04:00:00,2,1.935483870967742
2010-09-16 04:00:00,3,1.8709677419354838
2010-09-17 04:00:00,4,2.0
2010-09-18 04:00:00,0,2.0
2010-09-19 04:00:00,1,2.0
2010-09-20 04:00:00,2,2.0
2010-09-21 04:00:00,3,2.0
2010-09-22 04:00:00,4,2.0
2010-09-23 04:00:00,5,2.0
2010-09-24 04:00:00,6,2.0
2010-09-25 04:00:00,7,2.0
2010-09-26 04:00:00,8,2.0
2010-09-27 04:00:00,9,2.0
2010-09-28 04:00:00,10,2.3225806451612905
2010-09-29 04:00:00,11,2.6451612903225805
2010-09-30 04:00:00,0,2.5806451612903225
2010-10-01 04:00:00,0,2.6666666666666665
2010-10-02 04:00:00,0,2.6666666666666665
2010-10-03 04:00:00,1,2.7
2010-10-04 04:00:00,2,2.7666666666666666
2010-10-05 04:00:00,0,2.7333333333333334
2010-10-06 04:00:00,1,2.7
2010-10-07 04:00:00,0,2.7
2010-10-08 04:00:00,0,2.7
2010-10-09 04:00:00,0,2.6666666666666665
2010-10-10 04:00:00,0,2.6666666666666665
2010-10-11 04:00:00,1,2.7
2010-10-12 04:00:00,2,2.7666666666666666
2010-10-13 04:00:00,3,2.8666666666666667
2010-10-14 04:00:00,4,2.966666666666667
2010-10-15 04:00:00,5,3.066666666666667
2010-10-16 04:00:00,6,3.1666666666666665
2010-10-17 04:00:00,7,3.2666666666666666
2010-10-18 04:00:00,8,3.533333333333333
2010-10-19 04:00:00,0,3.5
2010-10-20 04:00:00,1,3.466666666666667
2010-10-21 04:00:00,0,3.3666666666666667
2010-10-22 04:00:00,1,3.2666666666666666
2010-10-23 04:00:00,2,3.1666666666666665
2010-10-24 04:00:00,3,3.066666666666667
2010-10-25 04:00:00,4,2.966666666666667
2010-10-26 04:00:00,5,2.8666666666666667
2010-10-27 04:00:00,0,2.566666666666667
2010-10-28 04:00:00,1,2.2666666666666666
2010-10-29 04:00:00,0,1.9
2010-10-30 04:00:00,0,1.9
2010-10-31 04:00:00,1,1.8709677419354838
2010-11-01 04:00:00,2,1.935483870967742
2010-11-02 04:00:00,0,1.935483870967742
2010-11-03 04:00:00,1,1.935483870967742
2010-11-04 04:00:00,0,1.8709677419354838
2010-11-05 04:00:00,1,1.903225806451613
2010-11-06 04:00:00,2,1.935483870967742
2010-11-07 04:00:00,3,2.032258064516129
2010-11-08 04:00:00,4,2.161290322580645
2010-11-09 04:00:00,5,2.3225806451612905
2010-11-10 04:00:00,6,2.5161290322580645
2010-11-11 04:00:00,7,2.7096774193548385
2010-11-12 04:00:00,8,2.903225806451613
2010-11-13 04:00:00,0,2.806451612903226
2010-11-14 04:00:00,1,2.7096774193548385
2010-11-15 04:00:00,0,2.5483870967741935
2010-11-16 04:00:00,0,2.3548387096774195
2010-11-17 04:00:00,1,2.161290322580645
2010-11-18 04:00:00,2,1.967741935483871
2010-11-19 04:00:00,3,2.064516129032258
2010-11-20 04:00:00,4,2.161290322580645
2010-11-21 04:00:00,5,2.3225806451612905
2010-11-22 04:00:00,0,2.2903225806451615
2010-11-23 04:00:00,1,2.2580645161290325
2010-11-24 04:00:00,2,2.225806451612903
2010-11-25 04:00:00,3,2.193548387096774
2010-11-26 04:00:00,0,2.032258064516129
2010-11-27 04:00:00,0,2.032258064516129
2010-11-28 04:00:00,0,2.0
2010-11-29 04:00:00,1,2.032258064516129
2010-11-30 04:00:00,0,2.032258064516129
2010-12-01 04:00:00,1,2.033333333333333
2010-12-02 04:00:00,2,2.1
2010-12-03 04:00:00,0,2.066666666666667
2010-12-04 04:00:00,0,2.066666666666667
2010-12-05 04:00:00,0,2.033333333333333
2010-12-06 04:00:00,1,2.0
2010-12-07 04:00:00,2,1.9666666666666666
2010-12-08 04:00:00,3,1.9333333333333333
2010-12-09 04:00:00,4,1.9
2010-12-10 04:00:00,5,1.8666666666666667
2010-12-11 04:00:00,6,1.8333333333333333
2010-12-12 04:00:00,7,1.8
2010-12-13 04:00:00,8,2.066666666666667
2010-12-14 04:00:00,9,2.3333333333333335
2010-12-15 04:00:00,10,2.6666666666666665
2010-12-16 04:00:00,11,3.033333333333333
2010-12-17 04:00:00,12,3.4
2010-12-18 04:00:00,13,3.7666666666666666
2010-12-19 04:00:00,0,3.6666666666666665
2010-12-20 04:00:00,1,3.566666666666667
2010-12-21 04:00:00,2,3.466666666666667
2010-12-22 04:00:00,0,3.466666666666667
2010-12-23 04:00:00,1,3.466666666666667
2010-12-24 04:00:00,2,3.466666666666667
2010-12-25 04:00:00,3,3.466666666666667
2010-12-26 04:00:00,0,3.466666666666667
2010-12-27 04:00:00,1,3.5
2010-12-28 04:00:00,2,3.566666666666667
2010-12-29 04:00:00,3,3.6333333333333333
2010-12-30 04:00:00,4,3.7666666666666666
2010-12-31 04:00:00,0,3.6451612903225805
2011-01-01 04:00:00,1,3.6451612903225805
2011-01-02 04:00:00,2,3.6451612903225805
2011-01-03 04:00:00,3,3.7419354838709675
2011-01-04 04:00:00,4,3.870967741935484
2011-01-05 04:00:00,5,4.032258064516129
2011-01-06 04:00:00,6,4.193548387096774
2011-01-07 04:00:00,7,4.354838709677419
2011-01-08 04:00:00,8,4.516129032258065
2011-01-09 04:00:00,0,4.387096774193548
2011-01-10 04:00:00,0,4.225806451612903
2011-01-11 04:00:00,0,4.032258064516129
2011-01-12 04:00:00,1,3.838709677419355
2011-01-13 04:00:00,2,3.6451612903225805
2011-01-14 04:00:00,3,3.4516129032258065
2011-01-15 04:00:00,4,3.2580645161290325
2011-01-16 04:00:00,5,3.064516129032258
2011-01-17 04:00:00,6,2.870967741935484
2011-01-18 04:00:00,7,2.6774193548387095
2011-01-19 04:00:00,8,2.935483870967742
2011-01-20 04:00:00,9,3.193548387096774
2011-01-21 04:00:00,10,3.4516129032258065
2011-01-22 04:00:00,11,3.806451612903226
2011-01-23 04:00:00,12,4.161290322580645
2011-01-24 04:00:00,13,4.516129032258065
2011-01-25 04:00:00,0,4.419354838709677
2011-01-26 04:00:00,0,4.419354838709677
2011-01-27 04:00:00,0,4.387096774193548
2011-01-28 04:00:00,0,4.32258064516129
2011-01-29 04:00:00,0,4.225806451612903
2011-01-30 04:00:00,1,4.129032258064516
2011-01-31 04:00:00,2,4.193548387096774
2011-02-01 04:00:00,3,4.258064516129032
2011-02-02 04:00:00,0,4.193548387096774
2011-02-03 04:00:00,1,4.129032258064516
2011-02-04 04:00:00,0,4.0
2011-02-05 04:00:00,1,3.870967741935484
2011-02-06 04:00:00,0,3.6774193548387095
2011-02-07 04:00:00,0,3.4516129032258065
2011-02-08 04:00:00,1,3.225806451612903
2011-02-09 04:00:00,2,3.2903225806451615
2011-02-10 04:00:00,3,3.3870967741935485
2011-02-11 04:00:00,0,3.3870967741935485
2011-02-12 04:00:00,0,3.3548387096774195
2011-02-13 04:00:00,1,3.3225806451612905
2011-02-14 04:00:00,2,3.2903225806451615
2011-02-15 04:00:00,0,3.161290322580645
2011-02-16 04:00:00,0,3.0
2011-02-17 04:00:00,1,2.838709677419355
2011-02-18 04:00:00,2,2.6774193548387095
2011-02-19 04:00:00,3,2.5161290322580645
2011-02-20 04:00:00,0,2.225806451612903
2011-02-21 04:00:00,1,1.935483870967742
2011-02-22 04:00:00,0,1.5806451612903225
2011-02-23 04:00:00,1,1.2258064516129032
2011-02-24 04:00:00,2,0.8709677419354839
2011-02-25 04:00:00,3,0.967741935483871
2011-02-26 04:00:00,0,0.967741935483871
2011-02-27 04:00:00,1,1.0
2011-02-28 04:00:00,2,1.064516129032258
2011-03-01 04:00:00,0,0.9642857142857143
2011-03-02 04:00:00,1,1.0
2011-03-03 04:00:00,0,0.9642857142857143
2011-03-04 04:00:00,1,1.0
2011-03-05 04:00:00,0,0.9642857142857143
2011-03-06 04:00:00,0,0.9642857142857143
2011-03-07 04:00:00,0,0.9642857142857143
2011-03-08 04:00:00,1,0.9642857142857143
2011-03-09 04:00:00,0,0.8928571428571429
2011-03-10 04:00:00,1,0.8214285714285714
2011-03-11 04:00:00,2,0.8928571428571429
2011-03-12 04:00:00,0,0.8928571428571429
2011-03-13 04:00:00,0,0.8571428571428571
2011-03-14 04:00:00,1,0.8214285714285714
2011-03-15 04:00:00,2,0.8928571428571429
2011-03-16 04:00:00,0,0.8928571428571429
2011-03-17 04:00:00,0,0.8571428571428571
2011-03-18 04:00:00,0,0.7857142857142857
2011-03-19 04:00:00,0,0.6785714285714286
2011-03-20 04:00:00,0,0.6785714285714286
2011-03-21 04:00:00,1,0.6785714285714286
2011-03-22 04:00:00,0,0.6785714285714286
2011-03-23 04:00:00,1,0.6785714285714286
2011-03-24 04:00:00,0,0.6071428571428571
2011-03-25 04:00:00,0,0.5
2011-03-26 04:00:00,1,0.5357142857142857
2011-03-27 04:00:00,2,0.5714285714285714
2011-03-28 04:00:00,3,0.6071428571428571
2011-03-29 04:00:00,0,0.5862068965517241
2011-03-30 04:00:00,1,0.6
2011-03-31 04:00:00,2,0.6451612903225806
2011-04-01 04:00:00,3,0.7419354838709677
2011-04-02 04:00:00,4,0.8387096774193549
2011-04-03 04:00:00,0,0.8387096774193549
2011-04-04 04:00:00,1,0.8387096774193549
2011-04-05 04:00:00,0,0.8387096774193549
2011-04-06 04:00:00,0,0.8387096774193549
2011-04-07 04:00:00,0,0.8387096774193549
2011-04-08 04:00:00,1,0.8387096774193549
2011-04-09 04:00:00,0,0.8387096774193549
2011-04-10 04:00:00,0,0.8064516129032258
2011-04-11 04:00:00,0,0.7419354838709677
2011-04-12 04:00:00,1,0.7741935483870968
2011-04-13 04:00:00,2,0.8387096774193549
2011-04-14 04:00:00,0,0.8064516129032258
2011-04-15 04:00:00,1,0.7741935483870968
2011-04-16 04:00:00,2,0.8387096774193549
2011-04-17 04:00:00,3,0.9354838709677419
2011-04-18 04:00:00,4,1.064516129032258
2011-04-19 04:00:00,5,1.2258064516129032
2011-04-20 04:00:00,6,1.4193548387096775
2011-04-21 04:00:00,7,1.6129032258064515
2011-04-22 04:00:00,8,1.8709677419354838
2011-04-23 04:00:00,0,1.8387096774193548
2011-04-24 04:00:00,1,1.8709677419354838
2011-04-25 04:00:00,0,1.8709677419354838
2011-04-26 04:00:00,1,1.8709677419354838
2011-04-27 04:00:00,2,1.8709677419354838
2011-04-28 04:00:00,3,1.8709677419354838
2011-04-29 04:00:00,0,1.8709677419354838
2011-04-30 04:00:00,0,1.8387096774193548
2011-05-01 04:00:00,0,1.7333333333333334
2011-05-02 04:00:00,1,1.6333333333333333
2011-05-03 04:00:00,2,1.7
2011-05-04 04:00:00,0,1.6666666666666667
2011-05-05 04:00:00,0,1.6666666666666667
2011-05-06 04:00:00,0,1.6666666666666667
2011-05-07 04:00:00,1,1.7
2011-05-08 04:00:00,2,1.7333333333333334
2011-05-09 04:00:00,3,1.8333333333333333
2011-05-10 04:00:00,0,1.8333333333333333
2011-05-11 04:00:00,1,1.8666666666666667
2011-05-12 04:00:00,2,1.9
2011-05-13 04:00:00,0,1.8333333333333333
2011-05-14 04:00:00,0,1.8333333333333333
2011-05-15 04:00:00,0,1.8
2011-05-16 04:00:00,1,1.7666666666666666
2011-05-17 04:00:00,2,1.7333333333333334
2011-05-18 04:00:00,0,1.6
2011-05-19 04:00:00,1,1.4666666666666666
2011-05-20 04:00:00,2,1.3333333333333333
2011-05-21 04:00:00,0,1.1
2011-05-22 04:00:00,0,0.8333333333333334
2011-05-23 04:00:00,1,0.8666666666666667
2011-05-24 04:00:00,0,0.8333333333333334
2011-05-25 04:00:00,0,0.8333333333333334
2011-05-26 04:00:00,0,0.8
2011-05-27 04:00:00,0,0.7333333333333333
2011-05-28 04:00:00,0,0.6333333333333333
2011-05-29 04:00:00,0,0.6333333333333333
2011-05-30 04:00:00,1,0.6666666666666666
2011-05-31 04:00:00,0,0.6451612903225806
2011-06-01 04:00:00,1,0.6774193548387096
2011-06-02 04:00:00,2,0.7096774193548387
2011-06-03 04:00:00,3,0.7419354838709677
2011-06-04 04:00:00,4,0.8709677419354839
2011-06-05 04:00:00,5,1.032258064516129
2011-06-06 04:00:00,0,1.032258064516129
2011-06-07 04:00:00,0,1.0
2011-06-08 04:00:00,0,0.9354838709677419
2011-06-09 04:00:00,0,0.8387096774193549
2011-06-10 04:00:00,0,0.8387096774193549
2011-06-11 04:00:00,0,0.8064516129032258
2011-06-12 04:00:00,0,0.7419354838709677
2011-06-13 04:00:00,0,0.7419354838709677
2011-06-14 04:00:00,1,0.7741935483870968
2011-06-15 04:00:00,2,0.8387096774193549
2011-06-16 04:00:00,3,0.9032258064516129
2011-06-17 04:00:00,4,0.967741935483871
2011-06-18 04:00:00,0,0.967741935483871
2011-06-19 04:00:00,1,0.967741935483871
2011-06-20 04:00:00,2,0.967741935483871
2011-06-21 04:00:00,3,1.064516129032258
2011-06-22 04:00:00,4,1.1935483870967742
2011-06-23 04:00:00,0,1.1612903225806452
2011-06-24 04:00:00,1,1.1935483870967742
2011-06-25 04:00:00,0,1.1935483870967742
2011-06-26 04:00:00,1,1.2258064516129032
2011-06-27 04:00:00,2,1.2903225806451613
2011-06-28 04:00:00,3,1.3870967741935485
2011-06-29 04:00:00,4,1.5161290322580645
2011-06-30 04:00:00,5,1.6451612903225807
2011-07-01 04:00:00,6,1.8666666666666667
2011-07-02 04:00:00,7,2.033333333333333
2011-07-03 04:00:00,8,2.2
2011-07-04 04:00:00,9,2.3666666666666667
2011-07-05 04:00:00,10,2.533333333333333
2011-07-06 04:00:00,11,2.9
2011-07-07 04:00:00,12,3.3
2011-07-08 04:00:00,13,3.7333333333333334
2011-07-09 04:00:00,14,4.2
2011-07-10 04:00:00,15,4.7
2011-07-11 04:00:00,16,5.233333333333333
2011-07-12 04:00:00,17,5.8
2011-07-13 04:00:00,18,6.4
2011-07-14 04:00:00,19,7.0
2011-07-15 04:00:00,20,7.6
2011-07-16 04:00:00,21,8.2
2011-07-17 04:00:00,22,8.8
2011-07-18 04:00:00,23,9.566666666666666
2011-07-19 04:00:00,24,10.333333333333334
2011-07-20 04:00:00,25,11.1
2011-07-21 04:00:00,26,11.866666666666667
2011-07-22 04:00:00,27,12.633333333333333
2011-07-23 04:00:00,28,13.566666666666666
2011-07-24 04:00:00,29,14.5
2011-07-25 04:00:00,30,15.5
2011-07-26 04:00:00,31,16.5
2011-07-27 04:00:00,32,17.5
2011-07-28 04:00:00,33,18.5
2011-07-29 04:00:00,34,19.5
2011-07-30 04:00:00,35,20.5
2011-07-31 04:00:00,36,21.0
2011-08-01 04:00:00,37,22.0
2011-08-02 04:00:00,38,23.0
2011-08-03 04:00:00,39,24.0
2011-08-04 04:00:00,40,25.0
2011-08-05 04:00:00,41,26.0
2011-08-06 04:00:00,42,27.0
2011-08-07 04:00:00,43,28.0
2011-08-08 04:00:00,44,29.0
2011-08-09 04:00:00,45,30.0
2011-08-10 04:00:00,46,31.0
2011-08-11 04:00:00,47,32.0
2011-08-12 04:00:00,48,33.0
2011-08-13 04:00:00,49,34.0
2011-08-14 04:00:00,50,35.0
2011-08-15 04:00:00,51,36.0
2011-08-16 04:00:00,52,37.0
2011-08-17 04:00:00,53,38.0
2011-08-18 04:00:00,54,39.0
2011-08-19 04:00:00,55,40.0
2011-08-20 04:00:00,56,41.0
2011-08-21 04:00:00,57,42.0
2011-08-22 04:00:00,58,43.0
2011-08-23 04:00:00,59,44.0
2011-08-24 04:00:00,60,45.0
2011-08-25 04:00:00,61,46.0
2011-08-26 04:00:00,62,47.0
2011-08-27 04:00:00,0,45.96774193548387
2011-08-28 04:00:00,1,44.935483870967744
2011-08-29 04:00:00,2,43.903225806451616
2011-08-30 04:00:00,3,42.87096774193548
2011-08-31 04:00:00,4,41.83870967741935
2011-09-01 04:00:00,5,40.806451612903224
2011-09-02 04:00:00,6,39.774193548387096
2011-09-03 04:00:00,7,38.74193548387097
2011-09-04 04:00:00,8,37.70967741935484
2011-09-05 04:00:00,0,36.38709677419355
2011-09-06 04:00:00,0,35.03225806451613
2011-09-07 04:00:00,1,33.67741935483871
2011-09-08 04:00:00,0,32.25806451612903
2011-09-09 04:00:00,1,30.838709677419356
2011-09-10 04:00:00,0,29.35483870967742
2011-09-11 04:00:00,1,27.870967741935484
2011-09-12 04:00:00,2,26.387096774193548
2011-09-13 04:00:00,3,24.903225806451612
2011-09-14 04:00:00,4,23.419354838709676
2011-09-15 04:00:00,0,21.774193548387096
2011-09-16 04:00:00,1,20.129032258064516
2011-09-17 04:00:00,2,18.483870967741936
2011-09-18 04:00:00,3,16.838709677419356
2011-09-19 04:00:00,4,15.193548387096774
2011-09-20 04:00:00,5,13.548387096774194
2011-09-21 04:00:00,6,11.903225806451612
2011-09-22 04:00:00,7,10.258064516129032
2011-09-23 04:00:00,8,8.612903225806452
2011-09-24 04:00:00,9,6.967741935483871
2011-09-25 04:00:00,10,5.32258064516129
2011-09-26 04:00:00,11,3.6774193548387095
2011-09-27 04:00:00,12,4.064516129032258
2011-09-28 04:00:00,13,4.451612903225806
2011-09-29 04:00:00,14,4.838709677419355
2011-09-30 04:00:00,0,4.741935483870968
2011-10-01 04:00:00,1,4.633333333333334
2011-10-02 04:00:00,0,4.433333333333334
2011-10-03 04:00:00,0,4.2
2011-10-04 04:00:00,1,3.966666666666667
2011-10-05 04:00:00,2,4.033333333333333
2011-10-06 04:00:00,3,4.133333333333334
2011-10-07 04:00:00,4,4.233333333333333
2011-10-08 04:00:00,5,4.4
2011-10-09 04:00:00,6,4.566666666666666
2011-10-10 04:00:00,7,4.8
2011-10-11 04:00:00,8,5.033333333333333
2011-10-12 04:00:00,9,5.266666666666667
2011-10-13 04:00:00,10,5.5
2011-10-14 04:00:00,11,5.733333333333333
2011-10-15 04:00:00,12,6.133333333333334
2011-10-16 04:00:00,13,6.533333333333333
2011-10-17 04:00:00,0,6.466666666666667
2011-10-18 04:00:00,1,6.4
2011-10-19 04:00:00,0,6.266666666666667
2011-10-20 04:00:00,1,6.133333333333334
2011-10-21 04:00:00,0,5.933333333333334
2011-10-22 04:00:00,0,5.7
2011-10-23 04:00:00,1,5.466666666666667
2011-10-24 04:00:00,2,5.233333333333333
2011-10-25 04:00:00,3,5.0
2011-10-26 04:00:00,4,4.766666666666667
2011-10-27 04:00:00,0,4.366666666666666
2011-10-28 04:00:00,1,3.966666666666667
2011-10-29 04:00:00,2,3.566666666666667
2011-10-30 04:00:00,3,3.6666666666666665
2011-10-31 04:00:00,0,3.5483870967741935
2011-11-01 04:00:00,0,3.5161290322580645
2011-11-02 04:00:00,1,3.5483870967741935
2011-11-03 04:00:00,2,3.6129032258064515
2011-11-04 04:00:00,3,3.6774193548387095
2011-11-05 04:00:00,4,3.7419354838709675
2011-11-06 04:00:00,5,3.806451612903226
2011-11-07 04:00:00,6,3.870967741935484
2011-11-08 04:00:00,7,3.935483870967742
2011-11-09 04:00:00,8,4.0
2011-11-10 04:00:00,0,3.774193548387097
2011-11-11 04:00:00,1,3.5483870967741935
2011-11-12 04:00:00,2,3.3225806451612905
2011-11-13 04:00:00,3,3.096774193548387
2011-11-14 04:00:00,4,2.870967741935484
2011-11-15 04:00:00,5,2.6451612903225805
2011-11-16 04:00:00,6,2.4193548387096775
2011-11-17 04:00:00,7,2.6451612903225805
2011-11-18 04:00:00,8,2.870967741935484
2011-11-19 04:00:00,9,3.161290322580645
2011-11-20 04:00:00,0,3.129032258064516
2011-11-21 04:00:00,1,3.161290322580645
2011-11-22 04:00:00,0,3.161290322580645
2011-11-23 04:00:00,1,3.161290322580645
2011-11-24 04:00:00,2,3.161290322580645
2011-11-25 04:00:00,3,3.161290322580645
2011-11-26 04:00:00,4,3.161290322580645
2011-11-27 04:00:00,5,3.3225806451612905
2011-11-28 04:00:00,6,3.4838709677419355
2011-11-29 04:00:00,7,3.6451612903225805
2011-11-30 04:00:00,8,3.806451612903226
2011-12-01 04:00:00,9,4.233333333333333
2011-12-02 04:00:00,10,4.533333333333333
2011-12-03 04:00:00,0,4.466666666666667
2011-12-04 04:00:00,1,4.4
2011-12-05 04:00:00,2,4.333333333333333
2011-12-06 04:00:00,3,4.266666666666667
2011-12-07 04:00:00,4,4.2
2011-12-08 04:00:00,5,4.133333333333334
2011-12-09 04:00:00,0,3.8666666666666667
2011-12-10 04:00:00,1,3.9
2011-12-11 04:00:00,2,3.933333333333333
2011-12-12 04:00:00,3,3.966666666666667
2011-12-13 04:00:00,4,4.0
2011-12-14 04:00:00,5,4.033333333333333
2011-12-15 04:00:00,6,4.066666666666666
2011-12-16 04:00:00,7,4.1
2011-12-17 04:00:00,8,4.133333333333334
2011-12-18 04:00:00,0,3.8666666666666667
2011-12-19 04:00:00,0,3.566666666666667
2011-12-20 04:00:00,1,3.6
2011-12-21 04:00:00,0,3.566666666666667
2011-12-22 04:00:00,1,3.6
2011-12-23 04:00:00,2,3.6333333333333333
2011-12-24 04:00:00,3,3.6666666666666665
2011-12-25 04:00:00,0,3.566666666666667
2011-12-26 04:00:00,1,3.466666666666667
2011-12-27 04:00:00,2,3.3666666666666667
2011-12-28 04:00:00,3,3.2666666666666666
2011-12-29 04:00:00,4,3.1666666666666665
2011-12-30 04:00:00,5,3.066666666666667
2011-12-31 04:00:00,6,3.161290322580645
2012-01-01 04:00:00,7,3.096774193548387
2012-01-02 04:00:00,8,3.032258064516129
2012-01-03 04:00:00,0,3.032258064516129
2012-01-04 04:00:00,1,3.032258064516129
2012-01-05 04:00:00,2,3.032258064516129
2012-01-06 04:00:00,3,3.032258064516129
2012-01-07 04:00:00,4,3.032258064516129
2012-01-08 04:00:00,5,3.032258064516129
2012-01-09 04:00:00,6,3.225806451612903
2012-01-10 04:00:00,7,3.4193548387096775
2012-01-11 04:00:00,8,3.6129032258064515
2012-01-12 04:00:00,9,3.806451612903226
2012-01-13 04:00:00,10,4.0
2012-01-14 04:00:00,11,4.193548387096774
2012-01-15 04:00:00,0,4.0
2012-01-16 04:00:00,1,3.806451612903226
2012-01-17 04:00:00,0,3.5483870967741935
2012-01-18 04:00:00,1,3.5806451612903225
2012-01-19 04:00:00,0,3.5806451612903225
2012-01-20 04:00:00,0,3.5483870967741935
2012-01-21 04:00:00,0,3.5483870967741935
2012-01-22 04:00:00,1,3.5483870967741935
2012-01-23 04:00:00,2,3.5483870967741935
2012-01-24 04:00:00,3,3.5483870967741935
2012-01-25 04:00:00,4,3.6774193548387095
2012-01-26 04:00:00,5,3.806451612903226
2012-01-27 04:00:00,0,3.7419354838709675
2012-01-28 04:00:00,1,3.6774193548387095
2012-01-29 04:00:00,2,3.6129032258064515
2012-01-30 04:00:00,3,3.5483870967741935
2012-01-31 04:00:00,4,3.4838709677419355
2012-02-01 04:00:00,0,3.2580645161290325
2012-02-02 04:00:00,1,3.032258064516129
2012-02-03 04:00:00,2,3.096774193548387
2012-02-04 04:00:00,3,3.161290322580645
2012-02-05 04:00:00,4,3.225806451612903
2012-02-06 04:00:00,5,3.2903225806451615
2012-02-07 04:00:00,6,3.3548387096774195
2012-02-08 04:00:00,7,3.4193548387096775
2012-02-09 04:00:00,8,3.4838709677419355
2012-02-10 04:00:00,9,3.5483870967741935
2012-02-11 04:00:00,10,3.6129032258064515
2012-02-12 04:00:00,11,3.6774193548387095
2012-02-13 04:00:00,12,3.7419354838709675
2012-02-14 04:00:00,13,3.806451612903226
2012-02-15 04:00:00,14,4.258064516129032
2012-02-16 04:00:00,15,4.709677419354839
2012-02-17 04:00:00,16,5.225806451612903
2012-02-18 04:00:00,17,5.741935483870968
2012-02-19 04:00:00,18,6.32258064516129
2012-02-20 04:00:00,19,6.935483870967742
2012-02-21 04:00:00,20,7.580645161290323
2012-02-22 04:00:00,21,8.225806451612904
2012-02-23 04:00:00,22,8.870967741935484
2012-02-24 04:00:00,23,9.516129032258064
2012-02-25 04:00:00,24,10.161290322580646
2012-02-26 04:00:00,25,10.806451612903226
2012-02-27 04:00:00,26,11.64516129032258
2012-02-28 04:00:00,27,12.483870967741936
2012-02-29 04:00:00,28,13.32258064516129
2012-03-01 04:00:00,29,15.0
2012-03-02 04:00:00,30,16.0
2012-03-03 04:00:00,31,17.0
2012-03-04 04:00:00,32,18.0
2012-03-05 04:00:00,33,19.0
2012-03-06 04:00:00,34,20.0
2012-03-07 04:00:00,35,21.0
2012-03-08 04:00:00,36,22.0
2012-03-09 04:00:00,37,23.0
2012-03-10 04:00:00,38,24.0
2012-03-11 04:00:00,39,25.0
2012-03-12 04:00:00,40,26.0
2012-03-13 04:00:00,41,27.0
2012-03-14 04:00:00,42,28.0
2012-03-15 04:00:00,43,29.0
2012-03-16 04:00:00,0,28.482758620689655
2012-03-17 04:00:00,1,27.96551724137931
2012-03-18 04:00:00,2,27.448275862068964
2012-03-19 04:00:00,3,26.93103448275862
2012-03-20 04:00:00,4,26.413793103448278
2012-03-21 04:00:00,5,25.896551724137932
2012-03-22 04:00:00,0,25.17241379310345
2012-03-23 04:00:00,1,24.448275862068964
2012-03-24 04:00:00,2,23.724137931034484
2012-03-25 04:00:00,3,23.0
2012-03-26 04:00:00,4,22.275862068965516
2012-03-27 04:00:00,5,21.551724137931036
2012-03-28 04:00:00,6,20.82758620689655
2012-03-29 04:00:00,7,20.103448275862068
2012-03-30 04:00:00,8,19.7
2012-03-31 04:00:00,9,19.35483870967742
2012-04-01 04:00:00,10,18.741935483870968
2012-04-02 04:00:00,11,18.129032258064516
2012-04-03 04:00:00,12,17.516129032258064
2012-04-04 04:00:00,13,16.903225806451612
2012-04-05 04:00:00,14,16.29032258064516
2012-04-06 04:00:00,15,15.67741935483871
2012-04-07 04:00:00,16,15.064516129032258
2012-04-08 04:00:00,17,14.451612903225806
2012-04-09 04:00:00,18,13.838709677419354
2012-04-10 04:00:00,19,13.225806451612904
2012-04-11 04:00:00,20,12.612903225806452
2012-04-12 04:00:00,21,12.0
2012-04-13 04:00:00,22,11.387096774193548
2012-04-14 04:00:00,23,10.774193548387096
2012-04-15 04:00:00,24,10.161290322580646
2012-04-16 04:00:00,25,10.96774193548387
2012-04-17 04:00:00,26,11.774193548387096
2012-04-18 04:00:00,27,12.580645161290322
2012-04-19 04:00:00,28,13.387096774193548
2012-04-20 04:00:00,29,14.193548387096774
2012-04-21 04:00:00,30,15.0
2012-04-22 04:00:00,31,16.0
2012-04-23 04:00:00,32,17.0
2012-04-24 04:00:00,0,16.93548387096774
2012-04-25 04:00:00,1,16.870967741935484
2012-04-26 04:00:00,0,16.741935483870968
2012-04-27 04:00:00,1,16.612903225806452
2012-04-28 04:00:00,2,16.483870967741936
2012-04-29 04:00:00,0,16.258064516129032
2012-04-30 04:00:00,1,16.032258064516128
2012-05-01 04:00:00,2,16.0
2012-05-02 04:00:00,3,15.733333333333333
2012-05-03 04:00:00,4,15.466666666666667
2012-05-04 04:00:00,5,15.2
2012-05-05 04:00:00,6,14.933333333333334
2012-05-06 04:00:00,7,14.666666666666666
2012-05-07 04:00:00,8,14.4
2012-05-08 04:00:00,9,14.133333333333333
2012-05-09 04:00:00,10,13.866666666666667
2012-05-10 04:00:00,11,13.6
2012-05-11 04:00:00,12,13.333333333333334
2012-05-12 04:00:00,13,13.066666666666666
2012-05-13 04:00:00,14,12.8
2012-05-14 04:00:00,15,12.533333333333333
2012-05-15 04:00:00,16,12.266666666666667
2012-05-16 04:00:00,17,12.0
2012-05-17 04:00:00,18,11.733333333333333
2012-05-18 04:00:00,19,11.466666666666667
2012-05-19 04:00:00,20,11.2
2012-05-20 04:00:00,21,10.933333333333334
2012-05-21 04:00:00,22,10.666666666666666
2012-05-22 04:00:00,23,10.4
2012-05-23 04:00:00,24,10.133333333333333
2012-05-24 04:00:00,25,10.966666666666667
2012-05-25 04:00:00,26,11.8
2012-05-26 04:00:00,27,12.7
2012-05-27 04:00:00,28,13.6
2012-05-28 04:00:00,29,14.5
2012-05-29 04:00:00,30,15.5
2012-05-30 04:00:00,31,16.5
2012-05-31 04:00:00,32,17.0
2012-06-01 04:00:00,33,18.0
2012-06-02 04:00:00,34,19.0
2012-06-03 04:00:00,35,20.0
2012-06-04 04:00:00,36,21.0
2012-06-05 04:00:00,37,22.0
2012-06-06 04:00:00,38,23.0
2012-06-07 04:00:00,39,24.0
2012-06-08 04:00:00,40,25.0
2012-06-09 04:00:00,41,26.0
2012-06-10 04:00:00,42,27.0
2012-06-11 04:00:00,43,28.0
2012-06-12 04:00:00,44,29.0
2012-06-13 04:00:00,45,30.0
2012-06-14 04:00:00,46,31.0
2012-06-15 04:00:00,47,32.0
2012-06-16 04:00:00,48,33.0
2012-06-17 04:00:00,49,34.0
2012-06-18 04:00:00,0,33.38709677419355
2012-06-19 04:00:00,1,32.774193548387096
2012-06-20 04:00:00,2,32.16129032258065
2012-06-21 04:00:00,3,31.548387096774192
2012-06-22 04:00:00,4,30.93548387096774
2012-06-23 04:00:00,5,30.322580645161292
2012-06-24 04:00:00,6,29.70967741935484
2012-06-25 04:00:00,7,29.096774193548388
2012-06-26 04:00:00,0,28.225806451612904
2012-06-27 04:00:00,1,27.35483870967742
2012-06-28 04:00:00,2,26.483870967741936
2012-06-29 04:00:00,3,25.612903225806452
2012-06-30 04:00:00,0,24.612903225806452
2012-07-01 04:00:00,1,23.3
2012-07-02 04:00:00,2,22.233333333333334
2012-07-03 04:00:00,3,21.166666666666668
2012-07-04 04:00:00,4,20.1
2012-07-05 04:00:00,5,19.033333333333335
2012-07-06 04:00:00,6,17.966666666666665
2012-07-07 04:00:00,7,16.9
2012-07-08 04:00:00,8,15.833333333333334
2012-07-09 04:00:00,9,14.766666666666667
2012-07-10 04:00:00,10,13.7
2012-07-11 04:00:00,11,12.633333333333333
2012-07-12 04:00:00,12,11.566666666666666
2012-07-13 04:00:00,13,10.5
2012-07-14 04:00:00,14,9.433333333333334
2012-07-15 04:00:00,15,8.366666666666667
2012-07-16 04:00:00,16,7.3
2012-07-17 04:00:00,17,6.233333333333333
2012-07-18 04:00:00,18,6.833333333333333
2012-07-19 04:00:00,19,7.433333333333334
2012-07-20 04:00:00,20,8.033333333333333
2012-07-21 04:00:00,21,8.633333333333333
2012-07-22 04:00:00,22,9.233333333333333
2012-07-23 04:00:00,23,9.833333333333334
2012-07-24 04:00:00,24,10.433333333333334
2012-07-25 04:00:00,25,11.033333333333333
2012-07-26 04:00:00,26,11.9
2012-07-27 04:00:00,27,12.766666666666667
2012-07-28 04:00:00,28,13.633333333333333
2012-07-29 04:00:00,29,14.5
2012-07-30 04:00:00,30,15.5
2012-07-31 04:00:00,31,16.0
2012-08-01 04:00:00,32,17.0
2012-08-02 04:00:00,33,18.0
2012-08-03 04:00:00,34,19.0
2012-08-04 04:00:00,35,20.0
2012-08-05 04:00:00,36,21.0
2012-08-06 04:00:00,37,22.0
2012-08-07 04:00:00,38,23.0
2012-08-08 04:00:00,39,24.0
2012-08-09 04:00:00,40,25.0
2012-08-10 04:00:00,41,26.0
2012-08-11 04:00:00,42,27.0
2012-08-12 04:00:00,43,28.0
2012-08-13 04:00:00,44,29.0
2012-08-14 04:00:00,45,30.0
2012-08-15 04:00:00,46,31.0
2012-08-16 04:00:00,47,32.0
2012-08-17 04:00:00,0,31.451612903225808
2012-08-18 04:00:00,0,30.870967741935484
2012-08-19 04:00:00,1,30.29032258064516
2012-08-20 04:00:00,2,29.70967741935484
2012-08-21 04:00:00,3,29.129032258064516
2012-08-22 04:00:00,4,28.548387096774192
2012-08-23 04:00:00,5,27.967741935483872
2012-08-24 04:00:00,6,27.387096774193548
2012-08-25 04:00:00,7,26.806451612903224
2012-08-26 04:00:00,8,26.225806451612904
2012-08-27 04:00:00,9,25.64516129032258
2012-08-28 04:00:00,10,25.06451612903226
2012-08-29 04:00:00,11,24.483870967741936
2012-08-30 04:00:00,12,23.903225806451612
2012-08-31 04:00:00,13,23.322580645161292
2012-09-01 04:00:00,14,22.741935483870968
2012-09-02 04:00:00,15,22.161290322580644
2012-09-03 04:00:00,16,21.580645161290324
2012-09-04 04:00:00,0,20.451612903225808
2012-09-05 04:00:00,0,19.29032258064516
2012-09-06 04:00:00,1,18.129032258064516
2012-09-07 04:00:00,2,16.967741935483872
2012-09-08 04:00:00,3,15.806451612903226
2012-09-09 04:00:00,4,14.64516129032258
2012-09-10 04:00:00,5,13.483870967741936
2012-09-11 04:00:00,6,12.32258064516129
2012-09-12 04:00:00,7,11.161290322580646
2012-09-13 04:00:00,8,10.0
2012-09-14 04:00:00,9,8.838709677419354
2012-09-15 04:00:00,10,7.67741935483871
2012-09-16 04:00:00,11,6.516129032258065
2012-09-17 04:00:00,12,6.903225806451613
2012-09-18 04:00:00,13,7.32258064516129
2012-09-19 04:00:00,14,7.741935483870968
2012-09-20 04:00:00,15,8.161290322580646
2012-09-21 04:00:00,16,8.580645161290322
2012-09-22 04:00:00,17,9.0
2012-09-23 04:00:00,18,9.419354838709678
2012-09-24 04:00:00,19,9.838709677419354
2012-09-25 04:00:00,20,10.258064516129032
2012-09-26 04:00:00,21,10.67741935483871
2012-09-27 04:00:00,22,11.096774193548388
2012-09-28 04:00:00,23,11.516129032258064
2012-09-29 04:00:00,24,11.935483870967742
2012-09-30 04:00:00,25,12.35483870967742
2012-10-01 04:00:00,26,12.733333333333333
2012-10-02 04:00:00,27,13.133333333333333
2012-10-03 04:00:00,28,13.533333333333333
2012-10-04 04:00:00,29,14.5
2012-10-05 04:00:00,30,15.5
2012-10-06 04:00:00,31,16.5
2012-10-07 04:00:00,32,17.5
2012-10-08 04:00:00,33,18.5
2012-10-09 04:00:00,34,19.5
2012-10-10 04:00:00,35,20.5
2012-10-11 04:00:00,36,21.5
2012-10-12 04:00:00,0,21.266666666666666
2012-10-13 04:00:00,1,21.033333333333335
2012-10-14 04:00:00,2,20.8
2012-10-15 04:00:00,3,20.566666666666666
2012-10-16 04:00:00,4,20.333333333333332
2012-10-17 04:00:00,5,20.1
2012-10-18 04:00:00,6,19.866666666666667
2012-10-19 04:00:00,7,19.633333333333333
2012-10-20 04:00:00,8,19.4
2012-10-21 04:00:00,9,19.166666666666668
2012-10-22 04:00:00,10,18.933333333333334
2012-10-23 04:00:00,11,18.7
2012-10-24 04:00:00,12,18.466666666666665
2012-10-25 04:00:00,13,18.233333333333334
2012-10-26 04:00:00,0,17.533333333333335
2012-10-27 04:00:00,1,16.833333333333332
2012-10-28 04:00:00,2,16.133333333333333
2012-10-29 04:00:00,3,15.433333333333334
2012-10-30 04:00:00,4,14.733333333333333
2012-10-31 04:00:00,0,14.258064516129032
2012-11-01 04:00:00,0,13.419354838709678
2012-11-02 04:00:00,1,12.580645161290322
2012-11-03 04:00:00,2,11.741935483870968
2012-11-04 04:00:00,3,10.903225806451612
2012-11-05 04:00:00,4,10.064516129032258
2012-11-06 04:00:00,5,9.225806451612904
2012-11-07 04:00:00,6,8.387096774193548
2012-11-08 04:00:00,7,7.548387096774194
2012-11-09 04:00:00,8,6.709677419354839
2012-11-10 04:00:00,9,5.870967741935484
2012-11-11 04:00:00,10,5.032258064516129
2012-11-12 04:00:00,11,5.387096774193548
2012-11-13 04:00:00,12,5.741935483870968
2012-11-14 04:00:00,13,6.096774193548387
2012-11-15 04:00:00,14,6.451612903225806
2012-11-16 04:00:00,15,6.806451612903226
2012-11-17 04:00:00,16,7.161290322580645
2012-11-18 04:00:00,17,7.516129032258065
2012-11-19 04:00:00,18,7.870967741935484
2012-11-20 04:00:00,19,8.225806451612904
2012-11-21 04:00:00,20,8.580645161290322
2012-11-22 04:00:00,0,8.258064516129032
2012-11-23 04:00:00,1,7.935483870967742
2012-11-24 04:00:00,2,7.612903225806452
2012-11-25 04:00:00,3,7.290322580645161
2012-11-26 04:00:00,4,7.419354838709677
2012-11-27 04:00:00,5,7.548387096774194
2012-11-28 04:00:00,6,7.67741935483871
2012-11-29 04:00:00,7,7.806451612903226
2012-11-30 04:00:00,0,7.67741935483871
2012-12-01 04:00:00,0,7.933333333333334
2012-12-02 04:00:00,1,7.933333333333334
2012-12-03 04:00:00,2,7.933333333333334
2012-12-04 04:00:00,3,7.933333333333334
2012-12-05 04:00:00,4,7.933333333333334
2012-12-06 04:00:00,5,7.933333333333334
2012-12-07 04:00:00,6,7.933333333333334
2012-12-08 04:00:00,7,7.933333333333334
2012-12-09 04:00:00,8,7.933333333333334
2012-12-10 04:00:00,9,7.933333333333334
2012-12-11 04:00:00,10,7.933333333333334
2012-12-12 04:00:00,11,7.933333333333334
2012-12-13 04:00:00,12,7.933333333333334
2012-12-14 04:00:00,0,7.5
2012-12-15 04:00:00,0,7.033333333333333
2012-12-16 04:00:00,0,6.533333333333333
2012-12-17 04:00:00,1,6.033333333333333
2012-12-18 04:00:00,0,5.466666666666667
2012-12-19 04:00:00,1,4.9
2012-12-20 04:00:00,2,4.333333333333333
2012-12-21 04:00:00,0,3.6666666666666665
2012-12-22 04:00:00,1,3.7
2012-12-23 04:00:00,2,3.7333333333333334
2012-12-24 04:00:00,3,3.7666666666666666
2012-12-25 04:00:00,4,3.8
2012-12-26 04:00:00,5,3.8333333333333335
2012-12-27 04:00:00,6,3.8666666666666667
2012-12-28 04:00:00,7,3.9
2012-12-29 04:00:00,8,3.933333333333333
2012-12-30 04:00:00,9,4.233333333333333
2012-12-31 04:00:00,10,4.419354838709677
2013-01-01 04:00:00,11,4.774193548387097
2013-01-02 04:00:00,12,5.129032258064516
2013-01-03 04:00:00,13,5.483870967741935
2013-01-04 04:00:00,14,5.838709677419355
2013-01-05 04:00:00,15,6.193548387096774
2013-01-06 04:00:00,16,6.548387096774194
2013-01-07 04:00:00,17,6.903225806451613
2013-01-08 04:00:00,18,7.258064516129032
2013-01-09 04:00:00,19,7.612903225806452
2013-01-10 04:00:00,20,7.967741935483871
2013-01-11 04:00:00,21,8.32258064516129
2013-01-12 04:00:00,22,8.67741935483871
2013-01-13 04:00:00,23,9.03225806451613
2013-01-14 04:00:00,24,9.806451612903226
2013-01-15 04:00:00,25,10.612903225806452
2013-01-16 04:00:00,26,11.451612903225806
2013-01-17 04:00:00,27,12.290322580645162
2013-01-18 04:00:00,28,13.193548387096774
2013-01-19 04:00:00,29,14.096774193548388
2013-01-20 04:00:00,30,15.0
2013-01-21 04:00:00,31,16.0
2013-01-22 04:00:00,32,17.0
2013-01-23 04:00:00,33,18.0
2013-01-24 04:00:00,34,19.0
2013-01-25 04:00:00,35,20.0
2013-01-26 04:00:00,36,21.0
2013-01-27 04:00:00,37,22.0
2013-01-28 04:00:00,38,23.0
2013-01-29 04:00:00,39,24.0
2013-01-30 04:00:00,0,23.70967741935484
2013-01-31 04:00:00,0,23.387096774193548
2013-02-01 04:00:00,1,23.06451612903226
2013-02-02 04:00:00,2,22.741935483870968
2013-02-03 04:00:00,3,22.419354838709676
2013-02-04 04:00:00,0,21.967741935483872
2013-02-05 04:00:00,1,21.516129032258064
2013-02-06 04:00:00,2,21.06451612903226
2013-02-07 04:00:00,3,20.612903225806452
2013-02-08 04:00:00,4,20.161290322580644
2013-02-09 04:00:00,0,19.548387096774192
2013-02-10 04:00:00,1,18.93548387096774
2013-02-11 04:00:00,2,18.322580645161292
2013-02-12 04:00:00,3,17.70967741935484
2013-02-13 04:00:00,0,16.967741935483872
2013-02-14 04:00:00,0,16.193548387096776
2013-02-15 04:00:00,1,15.419354838709678
2013-02-16 04:00:00,2,14.64516129032258
2013-02-17 04:00:00,3,13.870967741935484
2013-02-18 04:00:00,4,13.096774193548388
2013-02-19 04:00:00,5,12.32258064516129
2013-02-20 04:00:00,6,11.548387096774194
2013-02-21 04:00:00,7,10.774193548387096
2013-02-22 04:00:00,8,10.0
2013-02-23 04:00:00,9,9.225806451612904
2013-02-24 04:00:00,10,8.451612903225806
2013-02-25 04:00:00,11,7.67741935483871
2013-02-26 04:00:00,12,6.903225806451613
2013-02-27 04:00:00,13,6.129032258064516
2013-02-28 04:00:00,0,4.903225806451613
2013-03-01 04:00:00,1,4.035714285714286
2013-03-02 04:00:00,0,3.9642857142857144
2013-03-03 04:00:00,1,3.892857142857143
2013-03-04 04:00:00,2,3.9642857142857144
2013-03-05 04:00:00,3,4.035714285714286
2013-03-06 04:00:00,4,4.107142857142857
2013-03-07 04:00:00,5,4.178571428571429
2013-03-08 04:00:00,0,4.035714285714286
2013-03-09 04:00:00,1,4.071428571428571
2013-03-10 04:00:00,2,4.107142857142857
2013-03-11 04:00:00,3,4.142857142857143
2013-03-12 04:00:00,4,4.178571428571429
2013-03-13 04:00:00,0,4.178571428571429
2013-03-14 04:00:00,1,4.214285714285714
2013-03-15 04:00:00,2,4.25
2013-03-16 04:00:00,3,4.285714285714286
2013-03-17 04:00:00,4,4.321428571428571
2013-03-18 04:00:00,5,4.357142857142857
2013-03-19 04:00:00,6,4.392857142857143
2013-03-20 04:00:00,7,4.428571428571429
2013-03-21 04:00:00,8,4.464285714285714
2013-03-22 04:00:00,9,4.5
2013-03-23 04:00:00,10,4.535714285714286
2013-03-24 04:00:00,11,4.571428571428571
2013-03-25 04:00:00,12,4.607142857142857
2013-03-26 04:00:00,13,4.642857142857143
2013-03-27 04:00:00,14,4.678571428571429
2013-03-28 04:00:00,0,4.678571428571429
2013-03-29 04:00:00,0,4.517241379310345
2013-03-30 04:00:00,1,4.4
2013-03-31 04:00:00,2,4.32258064516129
2013-04-01 04:00:00,3,4.387096774193548
2013-04-02 04:00:00,4,4.516129032258065
2013-04-03 04:00:00,5,4.645161290322581
2013-04-04 04:00:00,6,4.774193548387097
2013-04-05 04:00:00,7,4.903225806451613
2013-04-06 04:00:00,8,5.032258064516129
2013-04-07 04:00:00,9,5.161290322580645
2013-04-08 04:00:00,10,5.483870967741935
2013-04-09 04:00:00,11,5.806451612903226
2013-04-10 04:00:00,12,6.129032258064516
2013-04-11 04:00:00,13,6.451612903225806
2013-04-12 04:00:00,14,6.774193548387097
2013-04-13 04:00:00,15,7.258064516129032
2013-04-14 04:00:00,16,7.741935483870968
2013-04-15 04:00:00,17,8.225806451612904
2013-04-16 04:00:00,18,8.709677419354838
2013-04-17 04:00:00,19,9.193548387096774
2013-04-18 04:00:00,20,9.67741935483871
2013-04-19 04:00:00,21,10.161290322580646
2013-04-20 04:00:00,22,10.64516129032258
2013-04-21 04:00:00,23,11.129032258064516
2013-04-22 04:00:00,24,11.612903225806452
2013-04-23 04:00:00,25,12.096774193548388
2013-04-24 04:00:00,26,12.580645161290322
2013-04-25 04:00:00,27,13.064516129032258
2013-04-26 04:00:00,28,13.548387096774194
2013-04-27 04:00:00,29,14.03225806451613
2013-04-28 04:00:00,30,15.0
2013-04-29 04:00:00,31,16.0
2013-04-30 04:00:00,32,17.0
2013-05-01 04:00:00,33,18.5
2013-05-02 04:00:00,34,19.5
2013-05-03 04:00:00,35,20.5
2013-05-04 04:00:00,36,21.5
2013-05-05 04:00:00,37,22.5
2013-05-06 04:00:00,38,23.5
2013-05-07 04:00:00,39,24.5
2013-05-08 04:00:00,40,25.5
2013-05-09 04:00:00,41,26.5
2013-05-10 04:00:00,42,27.5
2013-05-11 04:00:00,43,28.5
2013-05-12 04:00:00,44,29.5
2013-05-13 04:00:00,0,29.0
2013-05-14 04:00:00,0,28.466666666666665
2013-05-15 04:00:00,0,27.9
2013-05-16 04:00:00,0,27.3
2013-05-17 04:00:00,1,26.7
2013-05-18 04:00:00,2,26.1
2013-05-19 04:00:00,3,25.5
2013-05-20 04:00:00,4,24.9
2013-05-21 04:00:00,5,24.3
2013-05-22 04:00:00,6,23.7
2013-05-23 04:00:00,7,23.1
2013-05-24 04:00:00,8,22.5
2013-05-25 04:00:00,0,21.6
2013-05-26 04:00:00,0,20.666666666666668
2013-05-27 04:00:00,1,19.733333333333334
2013-05-28 04:00:00,2,18.8
2013-05-29 04:00:00,3,17.866666666666667
2013-05-30 04:00:00,4,16.933333333333334
2013-05-31 04:00:00,5,16.548387096774192
2013-06-01 04:00:00,6,15.67741935483871
2013-06-02 04:00:00,7,14.806451612903226
2013-06-03 04:00:00,8,13.935483870967742
2013-06-04 04:00:00,0,12.774193548387096
2013-06-05 04:00:00,0,11.580645161290322
2013-06-06 04:00:00,1,10.387096774193548
2013-06-07 04:00:00,2,9.193548387096774
2013-06-08 04:00:00,0,7.903225806451613
2013-06-09 04:00:00,1,6.612903225806452
2013-06-10 04:00:00,2,5.32258064516129
2013-06-11 04:00:00,3,4.032258064516129
2013-06-12 04:00:00,4,2.7419354838709675
2013-06-13 04:00:00,0,2.7419354838709675
2013-06-14 04:00:00,0,2.7419354838709675
2013-06-15 04:00:00,1,2.774193548387097
2013-06-16 04:00:00,2,2.838709677419355
2013-06-17 04:00:00,3,2.903225806451613
2013-06-18 04:00:00,4,2.967741935483871
2013-06-19 04:00:00,5,3.032258064516129
2013-06-20 04:00:00,0,2.903225806451613
2013-06-21 04:00:00,1,2.774193548387097
2013-06-22 04:00:00,2,2.6451612903225805
2013-06-23 04:00:00,0,2.4193548387096775
2013-06-24 04:00:00,1,2.193548387096774
2013-06-25 04:00:00,0,2.193548387096774
2013-06-26 04:00:00,1,2.225806451612903
2013-06-27 04:00:00,0,2.193548387096774
2013-06-28 04:00:00,1,2.161290322580645
2013-06-29 04:00:00,2,2.129032258064516
2013-06-30 04:00:00,3,2.096774193548387
2013-07-01 04:00:00,0,1.8
2013-07-02 04:00:00,0,1.5666666666666667
2013-07-03 04:00:00,0,1.3
2013-07-04 04:00:00,1,1.3333333333333333
2013-07-05 04:00:00,2,1.4
2013-07-06 04:00:00,0,1.3666666666666667
2013-07-07 04:00:00,1,1.3333333333333333
2013-07-08 04:00:00,2,1.4
2013-07-09 04:00:00,3,1.4666666666666666
2013-07-10 04:00:00,4,1.5333333333333334
2013-07-11 04:00:00,5,1.6
2013-07-12 04:00:00,6,1.6666666666666667
2013-07-13 04:00:00,7,1.9
2013-07-14 04:00:00,8,2.1666666666666665
2013-07-15 04:00:00,0,2.1333333333333333
2013-07-16 04:00:00,1,2.1
2013-07-17 04:00:00,0,2.0
2013-07-18 04:00:00,1,1.9
2013-07-19 04:00:00,0,1.7333333333333334
2013-07-20 04:00:00,1,1.7666666666666666
2013-07-21 04:00:00,2,1.8
2013-07-22 04:00:00,3,1.8333333333333333
2013-07-23 04:00:00,4,1.9666666666666666
2013-07-24 04:00:00,5,2.1
2013-07-25 04:00:00,0,2.1
2013-07-26 04:00:00,1,2.1
2013-07-27 04:00:00,2,2.1666666666666665
2013-07-28 04:00:00,3,2.2333333333333334
2013-07-29 04:00:00,4,2.3
2013-07-30 04:00:00,5,2.3666666666666667
2013-07-31 04:00:00,0,2.2903225806451615
2013-08-01 04:00:00,0,2.2903225806451615
2013-08-02 04:00:00,1,2.3225806451612905
2013-08-03 04:00:00,2,2.3870967741935485
2013-08-04 04:00:00,3,2.4516129032258065
2013-08-05 04:00:00,4,2.5161290322580645
2013-08-06 04:00:00,5,2.6774193548387095
2013-08-07 04:00:00,6,2.838709677419355
2013-08-08 04:00:00,7,3.0
2013-08-09 04:00:00,8,3.161290322580645
2013-08-10 04:00:00,9,3.3225806451612905
2013-08-11 04:00:00,10,3.4838709677419355
2013-08-12 04:00:00,11,3.6451612903225805
2013-08-13 04:00:00,12,3.806451612903226
2013-08-14 04:00:00,13,3.967741935483871
2013-08-15 04:00:00,14,4.419354838709677
2013-08-16 04:00:00,15,4.870967741935484
2013-08-17 04:00:00,16,5.387096774193548
2013-08-18 04:00:00,17,5.903225806451613
2013-08-19 04:00:00,18,6.483870967741935
2013-08-20 04:00:00,19,7.064516129032258
2013-08-21 04:00:00,20,7.645161290322581
2013-08-22 04:00:00,21,8.225806451612904
2013-08-23 04:00:00,22,8.806451612903226
2013-08-24 04:00:00,23,9.387096774193548
2013-08-25 04:00:00,24,10.161290322580646
2013-08-26 04:00:00,25,10.935483870967742
2013-08-27 04:00:00,26,11.709677419354838
2013-08-28 04:00:00,27,12.483870967741936
2013-08-29 04:00:00,28,13.258064516129032
2013-08-30 04:00:00,29,14.03225806451613
2013-08-31 04:00:00,30,15.0
2013-09-01 04:00:00,31,16.0
2013-09-02 04:00:00,32,17.0
2013-09-03 04:00:00,33,18.0
2013-09-04 04:00:00,0,17.903225806451612
2013-09-05 04:00:00,1,17.806451612903224
2013-09-06 04:00:00,0,17.64516129032258
2013-09-07 04:00:00,1,17.483870967741936
2013-09-08 04:00:00,0,17.258064516129032
2013-09-09 04:00:00,1,17.032258064516128
2013-09-10 04:00:00,2,16.806451612903224
2013-09-11 04:00:00,3,16.580645161290324
2013-09-12 04:00:00,4,16.35483870967742
2013-09-13 04:00:00,5,16.129032258064516
2013-09-14 04:00:00,6,15.903225806451612
2013-09-15 04:00:00,7,15.67741935483871
2013-09-16 04:00:00,8,15.451612903225806
2013-09-17 04:00:00,9,15.225806451612904
2013-09-18 04:00:00,10,15.0
2013-09-19 04:00:00,11,14.774193548387096
2013-09-20 04:00:00,12,14.548387096774194
2013-09-21 04:00:00,13,14.32258064516129
2013-09-22 04:00:00,14,14.096774193548388
2013-09-23 04:00:00,15,13.870967741935484
2013-09-24 04:00:00,16,13.64516129032258
2013-09-25 04:00:00,17,13.419354838709678
2013-09-26 04:00:00,18,13.193548387096774
2013-09-27 04:00:00,19,12.96774193548387
2013-09-28 04:00:00,20,12.741935483870968
2013-09-29 04:00:00,21,12.516129032258064
2013-09-30 04:00:00,22,12.290322580645162
2013-10-01 04:00:00,23,11.433333333333334
2013-10-02 04:00:00,24,11.166666666666666
2013-10-03 04:00:00,25,10.9
2013-10-04 04:00:00,26,11.766666666666667
2013-10-05 04:00:00,27,12.633333333333333
2013-10-06 04:00:00,28,13.566666666666666
2013-10-07 04:00:00,29,14.5
2013-10-08 04:00:00,30,15.5
2013-10-09 04:00:00,31,16.5
2013-10-10 04:00:00,32,17.5
2013-10-11 04:00:00,0,17.4
2013-10-12 04:00:00,1,17.3
2013-10-13 04:00:00,2,17.2
2013-10-14 04:00:00,3,17.1
2013-10-15 04:00:00,4,17.0
2013-10-16 04:00:00,5,16.9
2013-10-17 04:00:00,6,16.8
2013-10-18 04:00:00,7,16.7
2013-10-19 04:00:00,8,16.6
2013-10-20 04:00:00,9,16.5
2013-10-21 04:00:00,10,16.4
2013-10-22 04:00:00,11,16.3
2013-10-23 04:00:00,12,16.2
2013-10-24 04:00:00,13,16.1
2013-10-25 04:00:00,14,16.0
2013-10-26 04:00:00,15,15.9
2013-10-27 04:00:00,16,15.8
2013-10-28 04:00:00,17,15.7
2013-10-29 04:00:00,18,15.6
2013-10-30 04:00:00,19,15.5
2013-10-31 04:00:00,20,15.64516129032258
2013-11-01 04:00:00,21,15.580645161290322
2013-11-02 04:00:00,22,15.516129032258064
2013-11-03 04:00:00,23,15.451612903225806
2013-11-04 04:00:00,24,15.387096774193548
2013-11-05 04:00:00,25,15.32258064516129
2013-11-06 04:00:00,26,15.258064516129032
2013-11-07 04:00:00,27,15.193548387096774
2013-11-08 04:00:00,28,15.129032258064516
2013-11-09 04:00:00,29,15.064516129032258
2013-11-10 04:00:00,30,15.0
2013-11-11 04:00:00,31,16.0
2013-11-12 04:00:00,32,17.0
2013-11-13 04:00:00,33,18.0
2013-11-14 04:00:00,34,19.0
2013-11-15 04:00:00,35,20.0
2013-11-16 04:00:00,36,21.0
2013-11-17 04:00:00,37,22.0
2013-11-18 04:00:00,38,23.0
2013-11-19 04:00:00,39,24.0
2013-11-20 04:00:00,40,25.0
2013-11-21 04:00:00,41,26.0
2013-11-22 04:00:00,42,27.0
2013-11-23 04:00:00,43,28.0
2013-11-24 04:00:00,44,29.0
2013-11-25 04:00:00,45,30.0
2013-11-26 04:00:00,46,31.0
2013-11-27 04:00:00,47,32.0
2013-11-28 04:00:00,48,33.0
2013-11-29 04:00:00,49,34.0
2013-11-30 04:00:00,50,35.0
2013-12-01 04:00:00,51,36.5
2013-12-02 04:00:00,52,37.5
2013-12-03 04:00:00,53,38.5
2013-12-04 04:00:00,54,39.5
2013-12-05 04:00:00,55,40.5
2013-12-06 04:00:00,56,41.5
2013-12-07 04:00:00,57,42.5
2013-12-08 04:00:00,58,43.5
2013-12-09 04:00:00,59,44.5
2013-12-10 04:00:00,60,45.5
2013-12-11 04:00:00,61,46.5
2013-12-12 04:00:00,62,47.5
2013-12-13 04:00:00,63,48.5
2013-12-14 04:00:00,64,49.5
2013-12-15 04:00:00,65,50.5
2013-12-16 04:00:00,66,51.5
2013-12-17 04:00:00,67,52.5
2013-12-18 04:00:00,68,53.5
2013-12-19 04:00:00,69,54.5
2013-12-20 04:00:00,70,55.5
2013-12-21 04:00:00,71,56.5
2013-12-22 04:00:00,72,57.5
2013-12-23 04:00:00,73,58.5
2013-12-24 04:00:00,74,59.5
2013-12-25 04:00:00,75,60.5
2013-12-26 04:00:00,76,61.5
2013-12-27 04:00:00,77,62.5
2013-12-28 04:00:00,78,63.5
2013-12-29 04:00:00,79,64.5
2013-12-30 04:00:00,80,65.5
2013-12-31 04:00:00,81,66.0
2014-01-01 04:00:00,82,67.0
2014-01-02 04:00:00,83,68.0
2014-01-03 04:00:00,84,69.0
2014-01-04 04:00:00,85,70.0
2014-01-05 04:00:00,86,71.0
2014-01-06 04:00:00,87,72.0
2014-01-07 04:00:00,88,73.0
2014-01-08 04:00:00,89,74.0
2014-01-09 04:00:00,90,75.0
2014-01-10 04:00:00,91,76.0
2014-01-11 04:00:00,92,77.0
2014-01-12 04:00:00,93,78.0
2014-01-13 04:00:00,94,79.0
2014-01-14 04:00:00,95,80.0
2014-01-15 04:00:00,96,81.0
2014-01-16 04:00:00,97,82.0
2014-01-17 04:00:00,98,83.0
2014-01-18 04:00:00,99,84.0
2014-01-19 04:00:00,100,85.0
2014-01-20 04:00:00,101,86.0
2014-01-21 04:00:00,102,87.0
2014-01-22 04:00:00,103,88.0
2014-01-23 04:00:00,104,89.0
2014-01-24 04:00:00,105,90.0
2014-01-25 04:00:00,106,91.0
2014-01-26 04:00:00,107,92.0
2014-01-27 04:00:00,108,93.0
2014-01-28 04:00:00,109,94.0
2014-01-29 04:00:00,110,95.0
2014-01-30 04:00:00,111,96.0
2014-01-31 04:00:00,112,97.0
2014-02-01 04:00:00,113,98.0
2014-02-02 04:00:00,114,99.0
2014-02-03 04:00:00,115,100.0
2014-02-04 04:00:00,116,101.0
2014-02-05 04:00:00,117,102.0
2014-02-06 04:00:00,118,103.0
2014-02-07 04:00:00,119,104.0
2014-02-08 04:00:00,120,105.0
2014-02-09 04:00:00,121,106.0
2014-02-10 04:00:00,122,107.0
2014-02-11 04:00:00,123,108.0
2014-02-12 04:00:00,124,109.0
2014-02-13 04:00:00,0,105.96774193548387
2014-02-14 04:00:00,1,102.93548387096774
2014-02-15 04:00:00,2,99.90322580645162
2014-02-16 04:00:00,3,96.87096774193549
2014-02-17 04:00:00,4,93.83870967741936
2014-02-18 04:00:00,5,90.80645161290323
2014-02-19 04:00:00,6,87.7741935483871
2014-02-20 04:00:00,7,84.74193548387096
2014-02-21 04:00:00,8,81.70967741935483
2014-02-22 04:00:00,9,78.6774193548387
2014-02-23 04:00:00,10,75.64516129032258
2014-02-24 04:00:00,11,72.61290322580645
2014-02-25 04:00:00,12,69.58064516129032
2014-02-26 04:00:00,13,66.54838709677419
2014-02-27 04:00:00,14,63.516129032258064
2014-02-28 04:00:00,15,60.483870967741936
2014-03-01 04:00:00,16,51.607142857142854
2014-03-02 04:00:00,17,48.142857142857146
2014-03-03 04:00:00,18,44.67857142857143
2014-03-04 04:00:00,19,41.214285714285715
2014-03-05 04:00:00,20,37.75
2014-03-06 04:00:00,21,34.285714285714285
2014-03-07 04:00:00,22,30.821428571428573
2014-03-08 04:00:00,23,27.357142857142858
2014-03-09 04:00:00,24,23.892857142857142
2014-03-10 04:00:00,25,20.428571428571427
2014-03-11 04:00:00,26,16.964285714285715
2014-03-12 04:00:00,27,13.5
2014-03-13 04:00:00,28,14.5
2014-03-14 04:00:00,29,15.5
2014-03-15 04:00:00,30,16.5
2014-03-16 04:00:00,31,17.5
2014-03-17 04:00:00,32,18.5
2014-03-18 04:00:00,33,19.5
2014-03-19 04:00:00,34,20.5
2014-03-20 04:00:00,35,21.5
2014-03-21 04:00:00,36,22.5
2014-03-22 04:00:00,37,23.5
2014-03-23 04:00:00,38,24.5
2014-03-24 04:00:00,39,25.5
2014-03-25 04:00:00,40,26.5
2014-03-26 04:00:00,41,27.5
2014-03-27 04:00:00,42,28.5
2014-03-28 04:00:00,0,27.964285714285715
2014-03-29 04:00:00,1,27.03448275862069
2014-03-30 04:00:00,2,26.2
2014-03-31 04:00:00,3,25.451612903225808
2014-04-01 04:00:00,4,25.06451612903226
2014-04-02 04:00:00,5,24.677419354838708
2014-04-03 04:00:00,6,24.29032258064516
2014-04-04 04:00:00,0,23.677419354838708
2014-04-05 04:00:00,1,23.06451612903226
2014-04-06 04:00:00,2,22.451612903225808
2014-04-07 04:00:00,3,21.838709677419356
2014-04-08 04:00:00,4,21.225806451612904
2014-04-09 04:00:00,5,20.612903225806452
2014-04-10 04:00:00,6,20.0
2014-04-11 04:00:00,0,19.161290322580644
2014-04-12 04:00:00,1,18.322580645161292
2014-04-13 04:00:00,2,17.483870967741936
2014-04-14 04:00:00,3,16.64516129032258
2014-04-15 04:00:00,4,15.806451612903226
2014-04-16 04:00:00,5,14.96774193548387
2014-04-17 04:00:00,6,14.129032258064516
2014-04-18 04:00:00,7,13.290322580645162
2014-04-19 04:00:00,8,12.451612903225806
2014-04-20 04:00:00,9,11.612903225806452
2014-04-21 04:00:00,0,10.451612903225806
2014-04-22 04:00:00,1,9.290322580645162
2014-04-23 04:00:00,2,8.129032258064516
2014-04-24 04:00:00,0,6.870967741935484
2014-04-25 04:00:00,1,5.612903225806452
2014-04-26 04:00:00,2,4.354838709677419
2014-04-27 04:00:00,3,3.096774193548387
2014-04-28 04:00:00,4,3.225806451612903
2014-04-29 04:00:00,5,3.3548387096774195
2014-04-30 04:00:00,6,3.4838709677419355
2014-05-01 04:00:00,7,3.6
2014-05-02 04:00:00,8,3.7
2014-05-03 04:00:00,9,3.8
2014-05-04 04:00:00,10,4.133333333333334
2014-05-05 04:00:00,11,4.466666666666667
2014-05-06 04:00:00,12,4.8
2014-05-07 04:00:00,13,5.133333333333334
2014-05-08 04:00:00,14,5.466666666666667
2014-05-09 04:00:00,15,5.8
2014-05-10 04:00:00,16,6.133333333333334
2014-05-11 04:00:00,17,6.7
2014-05-12 04:00:00,18,7.266666666666667
2014-05-13 04:00:00,19,7.833333333333333
2014-05-14 04:00:00,20,8.4
2014-05-15 04:00:00,21,8.966666666666667
2014-05-16 04:00:00,22,9.533333333333333
2014-05-17 04:00:00,23,10.1
2014-05-18 04:00:00,24,10.666666666666666
2014-05-19 04:00:00,25,11.233333333333333
2014-05-20 04:00:00,26,11.8
2014-05-21 04:00:00,27,12.7
2014-05-22 04:00:00,28,13.6
2014-05-23 04:00:00,29,14.5
2014-05-24 04:00:00,30,15.5
2014-05-25 04:00:00,31,16.5
2014-05-26 04:00:00,32,17.5
2014-05-27 04:00:00,33,18.5
2014-05-28 04:00:00,34,19.5
2014-05-29 04:00:00,35,20.5
2014-05-30 04:00:00,36,21.5
2014-05-31 04:00:00,37,22.0
2014-06-01 04:00:00,38,23.0
2014-06-02 04:00:00,39,24.0
2014-06-03 04:00:00,40,25.0
2014-06-04 04:00:00,41,26.0
2014-06-05 04:00:00,42,27.0
2014-06-06 04:00:00,43,28.0
2014-06-07 04:00:00,44,29.0
2014-06-08 04:00:00,45,30.0
2014-06-09 04:00:00,46,31.0
2014-06-10 04:00:00,47,32.0
2014-06-11 04:00:00,48,33.0
2014-06-12 04:00:00,49,34.0
2014-06-13 04:00:00,50,35.0
2014-06-14 04:00:00,51,36.0
2014-06-15 04:00:00,52,37.0
2014-06-16 04:00:00,53,38.0
2014-06-17 04:00:00,54,39.0
2014-06-18 04:00:00,55,40.0
2014-06-19 04:00:00,56,41.0
2014-06-20 04:00:00,57,42.0
2014-06-21 04:00:00,58,43.0
2014-06-22 04:00:00,59,44.0
2014-06-23 04:00:00,60,45.0
2014-06-24 04:00:00,61,46.0
2014-06-25 04:00:00,62,47.0
2014-06-26 04:00:00,63,48.0
2014-06-27 04:00:00,64,49.0
2014-06-28 04:00:00,65,50.0
2014-06-29 04:00:00,66,51.0
2014-06-30 04:00:00,67,52.0
2014-07-01 04:00:00,68,53.5
2014-07-02 04:00:00,69,54.5
2014-07-03 04:00:00,70,55.5
2014-07-04 04:00:00,71,56.5
2014-07-05 04:00:00,72,57.5
2014-07-06 04:00:00,73,58.5
2014-07-07 04:00:00,74,59.5
2014-07-08 04:00:00,75,60.5
2014-07-09 04:00:00,76,61.5
2014-07-10 04:00:00,77,62.5
2014-07-11 04:00:00,78,63.5
2014-07-12 04:00:00,79,64.5
2014-07-13 04:00:00,80,65.5
2014-07-14 04:00:00,81,66.5
2014-07-15 04:00:00,82,67.5
2014-07-16 04:00:00,83,68.5
2014-07-17 04:00:00,84,69.5
2014-07-18 04:00:00,85,70.5
2014-07-19 04:00:00,86,71.5
2014-07-20 04:00:00,87,72.5
2014-07-21 04:00:00,88,73.5
2014-07-22 04:00:00,89,74.5
2014-07-23 04:00:00,90,75.5
2014-07-24 04:00:00,91,76.5
2014-07-25 04:00:00,92,77.5
2014-07-26 04:00:00,93,78.5
2014-07-27 04:00:00,94,79.5
2014-07-28 04:00:00,95,80.5
2014-07-29 04:00:00,96,81.5
2014-07-30 04:00:00,97,82.5
2014-07-31 04:00:00,98,83.0
2014-08-01 04:00:00,99,84.0
2014-08-02 04:00:00,100,85.0
2014-08-03 04:00:00,101,86.0
2014-08-04 04:00:00,102,87.0
2014-08-05 04:00:00,103,88.0
2014-08-06 04:00:00,104,89.0
2014-08-07 04:00:00,105,90.0
2014-08-08 04:00:00,106,91.0
2014-08-09 04:00:00,107,92.0
2014-08-10 04:00:00,108,93.0
2014-08-11 04:00:00,109,94.0
2014-08-12 04:00:00,110,95.0
2014-08-13 04:00:00,111,96.0
2014-08-14 04:00:00,112,97.0
2014-08-15 04:00:00,113,98.0
2014-08-16 04:00:00,114,99.0
2014-08-17 04:00:00,115,100.0
2014-08-18 04:00:00,116,101.0
2014-08-19 04:00:00,117,102.0
2014-08-20 04:00:00,0,99.19354838709677
2014-08-21 04:00:00,1,96.38709677419355
2014-08-22 04:00:00,2,93.58064516129032
2014-08-23 04:00:00,3,90.7741935483871
2014-08-24 04:00:00,4,87.96774193548387
2014-08-25 04:00:00,5,85.16129032258064
2014-08-26 04:00:00,6,82.35483870967742
2014-08-27 04:00:00,7,79.54838709677419
2014-08-28 04:00:00,8,76.74193548387096
2014-08-29 04:00:00,9,73.93548387096774
2014-08-30 04:00:00,10,71.12903225806451
2014-08-31 04:00:00,11,68.3225806451613
2014-09-01 04:00:00,12,65.51612903225806
2014-09-02 04:00:00,13,62.70967741935484
2014-09-03 04:00:00,14,59.903225806451616
2014-09-04 04:00:00,15,57.096774193548384
2014-09-05 04:00:00,16,54.29032258064516
2014-09-06 04:00:00,17,51.483870967741936
2014-09-07 04:00:00,18,48.67741935483871
2014-09-08 04:00:00,19,45.87096774193548
2014-09-09 04:00:00,20,43.064516129032256
2014-09-10 04:00:00,21,40.25806451612903
2014-09-11 04:00:00,22,37.45161290322581
2014-09-12 04:00:00,23,34.645161290322584
2014-09-13 04:00:00,24,31.838709677419356
2014-09-14 04:00:00,25,29.032258064516128
2014-09-15 04:00:00,26,26.225806451612904
2014-09-16 04:00:00,27,23.419354838709676
2014-09-17 04:00:00,28,20.612903225806452
2014-09-18 04:00:00,29,17.806451612903224
2014-09-19 04:00:00,30,15.0
2014-09-20 04:00:00,31,16.0
2014-09-21 04:00:00,32,17.0
2014-09-22 04:00:00,33,18.0
2014-09-23 04:00:00,34,19.0
2014-09-24 04:00:00,35,20.0
2014-09-25 04:00:00,36,21.0
2014-09-26 04:00:00,37,22.0
2014-09-27 04:00:00,38,23.0
2014-09-28 04:00:00,39,24.0
2014-09-29 04:00:00,40,25.0
2014-09-30 04:00:00,41,26.0
2014-10-01 04:00:00,42,27.5
2014-10-02 04:00:00,43,28.5
2014-10-03 04:00:00,44,29.5
2014-10-04 04:00:00,45,30.5
2014-10-05 04:00:00,46,31.5
2014-10-06 04:00:00,47,32.5
2014-10-07 04:00:00,48,33.5
2014-10-08 04:00:00,49,34.5
2014-10-09 04:00:00,50,35.5
2014-10-10 04:00:00,51,36.5
2014-10-11 04:00:00,52,37.5
2014-10-12 04:00:00,53,38.5
2014-10-13 04:00:00,54,39.5
2014-10-14 04:00:00,55,40.5
2014-10-15 04:00:00,56,41.5
2014-10-16 04:00:00,57,42.5
2014-10-17 04:00:00,58,43.5
2014-10-18 04:00:00,59,44.5
2014-10-19 04:00:00,60,45.5
2014-10-20 04:00:00,61,46.5
2014-10-21 04:00:00,62,47.5
2014-10-22 04:00:00,63,48.5
2014-10-23 04:00:00,64,49.5
2014-10-24 04:00:00,0,48.333333333333336
2014-10-25 04:00:00,1,47.166666666666664
2014-10-26 04:00:00,2,46.0
2014-10-27 04:00:00,3,44.833333333333336
2014-10-28 04:00:00,4,43.666666666666664
2014-10-29 04:00:00,5,42.5
2014-10-30 04:00:00,6,41.333333333333336
2014-10-31 04:00:00,7,40.225806451612904
2014-11-01 04:00:00,8,39.12903225806452
2014-11-02 04:00:00,9,38.03225806451613
2014-11-03 04:00:00,10,36.935483870967744
2014-11-04 04:00:00,11,35.83870967741935
2014-11-05 04:00:00,12,34.74193548387097
2014-11-06 04:00:00,13,33.645161290322584
2014-11-07 04:00:00,14,32.54838709677419
2014-11-08 04:00:00,15,31.451612903225808
2014-11-09 04:00:00,16,30.35483870967742
2014-11-10 04:00:00,17,29.258064516129032
2014-11-11 04:00:00,18,28.161290322580644
2014-11-12 04:00:00,19,27.06451612903226
2014-11-13 04:00:00,20,25.967741935483872
2014-11-14 04:00:00,21,24.870967741935484
2014-11-15 04:00:00,22,23.774193548387096
2014-11-16 04:00:00,23,22.677419354838708
2014-11-17 04:00:00,24,21.580645161290324
2014-11-18 04:00:00,25,20.483870967741936
2014-11-19 04:00:00,26,19.387096774193548
2014-11-20 04:00:00,27,18.29032258064516
2014-11-21 04:00:00,28,17.193548387096776
2014-11-22 04:00:00,29,16.096774193548388
2014-11-23 04:00:00,30,15.0
2014-11-24 04:00:00,31,16.0
2014-11-25 04:00:00,32,17.0
2014-11-26 04:00:00,33,18.0
2014-11-27 04:00:00,34,19.0
2014-11-28 04:00:00,35,20.0
2014-11-29 04:00:00,36,21.0
2014-11-30 04:00:00,37,22.0
2014-12-01 04:00:00,38,23.5
2014-12-02 04:00:00,39,24.5
2014-12-03 04:00:00,40,25.5
2014-12-04 04:00:00,41,26.5
2014-12-05 04:00:00,42,27.5
2014-12-06 04:00:00,43,28.5
2014-12-07 04:00:00,44,29.5
2014-12-08 04:00:00,45,30.5
2014-12-09 04:00:00,46,31.5
2014-12-10 04:00:00,47,32.5
2014-12-11 04:00:00,48,33.5
2014-12-12 04:00:00,49,34.5
2014-12-13 04:00:00,50,35.5
2014-12-14 04:00:00,51,36.5
2014-12-15 04:00:00,52,37.5
2014-12-16 04:00:00,53,38.5
2014-12-17 04:00:00,54,39.5
2014-12-18 04:00:00,55,40.5
2014-12-19 04:00:00,56,41.5
2014-12-20 04:00:00,57,42.5
2014-12-21 04:00:00,58,43.5
2014-12-22 04:00:00,59,44.5
2014-12-23 04:00:00,60,45.5
2014-12-24 04:00:00,61,46.5
2014-12-25 04:00:00,62,47.5
2014-12-26 04:00:00,63,48.5
2014-12-27 04:00:00,64,49.5
2014-12-28 04:00:00,65,50.5
2014-12-29 04:00:00,66,51.5
2014-12-30 04:00:00,67,52.5
2014-12-31 04:00:00,68,53.0
2015-01-01 04:00:00,69,54.0
2015-01-02 04:00:00,70,55.0
2015-01-03 04:00:00,71,56.0
2015-01-04 04:00:00,72,57.0
2015-01-05 04:00:00,73,58.0
2015-01-06 04:00:00,74,59.0
2015-01-07 04:00:00,75,60.0
2015-01-08 04:00:00,76,61.0
2015-01-09 04:00:00,77,62.0
2015-01-10 04:00:00,78,63.0
2015-01-11 04:00:00,79,64.0
2015-01-12 04:00:00,80,65.0
2015-01-13 04:00:00,81,66.0
2015-01-14 04:00:00,82,67.0
2015-01-15 04:00:00,83,68.0
2015-01-16 04:00:00,84,69.0
2015-01-17 04:00:00,85,70.0
2015-01-18 04:00:00,86,71.0
2015-01-19 04:00:00,87,72.0
2015-01-20 04:00:00,88,73.0
2015-01-21 04:00:00,89,74.0
2015-01-22 04:00:00,90,75.0
2015-01-23 04:00:00,91,76.0
2015-01-24 04:00:00,92,77.0
2015-01-25 04:00:00,93,78.0
2015-01-26 04:00:00,94,79.0
2015-01-27 04:00:00,95,80.0
2015-01-28 04:00:00,96,81.0
2015-01-29 04:00:00,97,82.0
2015-01-30 04:00:00,98,83.0
2015-01-31 04:00:00,99,84.0
2015-02-01 04:00:00,100,85.0
2015-02-02 04:00:00,101,86.0
2015-02-03 04:00:00,102,87.0
2015-02-04 04:00:00,103,88.0
2015-02-05 04:00:00,104,89.0
2015-02-06 04:00:00,105,90.0
2015-02-07 04:00:00,106,91.0
2015-02-08 04:00:00,107,92.0
2015-02-09 04:00:00,108,93.0
2015-02-10 04:00:00,109,94.0
2015-02-11 04:00:00,110,95.0
2015-02-12 04:00:00,111,96.0
2015-02-13 04:00:00,112,97.0
2015-02-14 04:00:00,113,98.0
2015-02-15 04:00:00,114,99.0
2015-02-16 04:00:00,115,100.0
2015-02-17 04:00:00,116,101.0
2015-02-18 04:00:00,117,102.0
2015-02-19 04:00:00,118,103.0
2015-02-20 04:00:00,119,104.0
2015-02-21 04:00:00,120,105.0
2015-02-22 04:00:00,121,106.0
2015-02-23 04:00:00,122,107.0
2015-02-24 04:00:00,123,108.0
2015-02-25 04:00:00,124,109.0
2015-02-26 04:00:00,125,110.0
2015-02-27 04:00:00,126,111.0
2015-02-28 04:00:00,127,112.0
2015-03-01 04:00:00,128,114.5
2015-03-02 04:00:00,129,115.5
2015-03-03 04:00:00,130,116.5
2015-03-04 04:00:00,131,117.5
2015-03-05 04:00:00,132,118.5
2015-03-06 04:00:00,133,119.5
2015-03-07 04:00:00,134,120.5
2015-03-08 04:00:00,135,121.5
2015-03-09 04:00:00,136,122.5
2015-03-10 04:00:00,137,123.5
2015-03-11 04:00:00,138,124.5
2015-03-12 04:00:00,139,125.5
2015-03-13 04:00:00,140,126.5
2015-03-14 04:00:00,141,127.5
2015-03-15 04:00:00,142,128.5
2015-03-16 04:00:00,143,129.5
2015-03-17 04:00:00,144,130.5
2015-03-18 04:00:00,145,131.5
2015-03-19 04:00:00,146,132.5
2015-03-20 04:00:00,147,133.5
2015-03-21 04:00:00,148,134.5
2015-03-22 04:00:00,149,135.5
2015-03-23 04:00:00,150,136.5
2015-03-24 04:00:00,151,137.5
2015-03-25 04:00:00,152,138.5
2015-03-26 04:00:00,153,139.5
2015-03-27 04:00:00,154,140.5
2015-03-28 04:00:00,155,141.5
2015-03-29 04:00:00,156,142.0
2015-03-30 04:00:00,157,142.5
2015-03-31 04:00:00,158,143.0
2015-04-01 04:00:00,159,144.0
2015-04-02 04:00:00,160,145.0
2015-04-03 04:00:00,161,146.0
2015-04-04 04:00:00,162,147.0
2015-04-05 04:00:00,163,148.0
2015-04-06 04:00:00,164,149.0
2015-04-07 04:00:00,165,150.0
2015-04-08 04:00:00,166,151.0
2015-04-09 04:00:00,167,152.0
2015-04-10 04:00:00,168,153.0
2015-04-11 04:00:00,169,154.0
2015-04-12 04:00:00,170,155.0
2015-04-13 04:00:00,171,156.0
2015-04-14 04:00:00,172,157.0
2015-04-15 04:00:00,173,158.0
2015-04-16 04:00:00,174,159.0
2015-04-17 04:00:00,175,160.0
2015-04-18 04:00:00,176,161.0
2015-04-19 04:00:00,177,162.0
2015-04-20 04:00:00,178,163.0
2015-04-21 04:00:00,179,164.0
2015-04-22 04:00:00,180,165.0
2015-04-23 04:00:00,181,166.0
2015-04-24 04:00:00,182,167.0
2015-04-25 04:00:00,183,168.0
2015-04-26 04:00:00,184,169.0
2015-04-27 04:00:00,185,170.0
2015-04-28 04:00:00,186,171.0
2015-04-29 04:00:00,187,172.0
2015-04-30 04:00:00,188,173.0
2015-05-01 04:00:00,189,174.5
2015-05-02 04:00:00,190,175.5
2015-05-03 04:00:00,191,176.5
2015-05-04 04:00:00,192,177.5
2015-05-05 04:00:00,193,178.5
2015-05-06 04:00:00,194,179.5
2015-05-07 04:00:00,195,180.5
2015-05-08 04:00:00,196,181.5
2015-05-09 04:00:00,197,182.5
2015-05-10 04:00:00,198,183.5
2015-05-11 04:00:00,199,184.5
2015-05-12 04:00:00,200,185.5
2015-05-13 04:00:00,201,186.5
2015-05-14 04:00:00,202,187.5
2015-05-15 04:00:00,203,188.5
2015-05-16 04:00:00,204,189.5
2015-05-17 04:00:00,205,190.5
2015-05-18 04:00:00,206,191.5
2015-05-19 04:00:00,207,192.5
2015-05-20 04:00:00,208,193.5
2015-05-21 04:00:00,209,194.5
2015-05-22 04:00:00,210,195.5
2015-05-23 04:00:00,211,196.5
2015-05-24 04:00:00,212,197.5
2015-05-25 04:00:00,213,198.5
2015-05-26 04:00:00,214,199.5
2015-05-27 04:00:00,215,200.5
2015-05-28 04:00:00,216,201.5
2015-05-29 04:00:00,217,202.5
2015-05-30 04:00:00,218,203.5
2015-05-31 04:00:00,219,204.0
2015-06-01 04:00:00,220,205.0
2015-06-02 04:00:00,221,206.0
2015-06-03 04:00:00,222,207.0
2015-06-04 04:00:00,223,208.0
2015-06-05 04:00:00,224,209.0
2015-06-06 04:00:00,225,210.0
2015-06-07 04:00:00,226,211.0
2015-06-08 04:00:00,227,212.0
2015-06-09 04:00:00,228,213.0
2015-06-10 04:00:00,229,214.0
2015-06-11 04:00:00,230,215.0
2015-06-12 04:00:00,231,216.0
2015-06-13 04:00:00,232,217.0
2015-06-14 04:00:00,233,218.0
2015-06-15 04:00:00,234,219.0
2015-06-16 04:00:00,235,220.0
2015-06-17 04:00:00,236,221.0
2015-06-18 04:00:00,237,222.0
2015-06-19 04:00:00,238,223.0
2015-06-20 04:00:00,239,224.0
2015-06-21 04:00:00,240,225.0
2015-06-22 04:00:00,241,226.0
2015-06-23 04:00:00,242,227.0
2015-06-24 04:00:00,243,228.0
2015-06-25 04:00:00,244,229.0
2015-06-26 04:00:00,245,230.0
2015-06-27 04:00:00,246,231.0
2015-06-28 04:00:00,247,232.0
2015-06-29 04:00:00,248,233.0
2015-06-30 04:00:00,249,234.0
2015-07-01 04:00:00,250,235.5
2015-07-02 04:00:00,251,236.5
2015-07-03 04:00:00,252,237.5
2015-07-04 04:00:00,253,238.5
2015-07-05 04:00:00,254,239.5
2015-07-06 04:00:00,255,240.5
2015-07-07 04:00:00,256,241.5
2015-07-08 04:00:00,257,242.5
2015-07-09 04:00:00,258,243.5
2015-07-10 04:00:00,259,244.5
2015-07-11 04:00:00,260,245.5
2015-07-12 04:00:00,261,246.5
2015-07-13 04:00:00,262,247.5
2015-07-14 04:00:00,263,248.5
2015-07-15 04:00:00,264,249.5
2015-07-16 04:00:00,265,250.5
2015-07-17 04:00:00,266,251.5
2015-07-18 04:00:00,267,252.5
2015-07-19 04:00:00,268,253.5
2015-07-20 04:00:00,269,254.5
2015-07-21 04:00:00,270,255.5
2015-07-22 04:00:00,271,256.5
2015-07-23 04:00:00,272,257.5
2015-07-24 04:00:00,273,258.5
2015-07-25 04:00:00,274,259.5
2015-07-26 04:00:00,275,260.5
2015-07-27 04:00:00,276,261.5
2015-07-28 04:00:00,277,262.5
2015-07-29 04:00:00,278,263.5
2015-07-30 04:00:00,279,264.5
2015-07-31 04:00:00,280,265.0
2015-08-01 04:00:00,281,266.0
2015-08-02 04:00:00,282,267.0
2015-08-03 04:00:00,283,268.0
2015-08-04 04:00:00,284,269.0
2015-08-05 04:00:00,285,270.0
2015-08-06 04:00:00,286,271.0
2015-08-07 04:00:00,287,272.0
2015-08-08 04:00:00,288,273.0
2015-08-09 04:00:00,289,274.0
2015-08-10 04:00:00,290,275.0
2015-08-11 04:00:00,291,276.0
2015-08-12 04:00:00,292,277.0
2015-08-13 04:00:00,293,278.0
2015-08-14 04:00:00,294,279.0
2015-08-15 04:00:00,295,280.0
2015-08-16 04:00:00,296,281.0
2015-08-17 04:00:00,297,282.0
2015-08-18 04:00:00,298,283.0
2015-08-19 04:00:00,299,284.0
2015-08-20 04:00:00,300,285.0
2015-08-21 04:00:00,301,286.0
2015-08-22 04:00:00,302,287.0
2015-08-23 04:00:00,303,288.0
2015-08-24 04:00:00,304,289.0
2015-08-25 04:00:00,305,290.0
2015-08-26 04:00:00,306,291.0
2015-08-27 04:00:00,307,292.0
2015-08-28 04:00:00,308,293.0
2015-08-29 04:00:00,309,294.0
2015-08-30 04:00:00,310,295.0
2015-08-31 04:00:00,311,296.0
2015-09-01 04:00:00,312,297.0
2015-09-02 04:00:00,313,298.0
2015-09-03 04:00:00,314,299.0
2015-09-04 04:00:00,315,300.0
2015-09-05 04:00:00,316,301.0
2015-09-06 04:00:00,317,302.0
2015-09-07 04:00:00,318,303.0
2015-09-08 04:00:00,319,304.0
2015-09-09 04:00:00,320,305.0
2015-09-10 04:00:00,321,306.0
2015-09-11 04:00:00,322,307.0
2015-09-12 04:00:00,323,308.0
2015-09-13 04:00:00,324,309.0
2015-09-14 04:00:00,325,310.0
2015-09-15 04:00:00,326,311.0
2015-09-16 04:00:00,327,312.0
2015-09-17 04:00:00,328,313.0
2015-09-18 04:00:00,329,314.0
2015-09-19 04:00:00,330,315.0
2015-09-20 04:00:00,331,316.0
2015-09-21 04:00:00,332,317.0
2015-09-22 04:00:00,333,318.0
2015-09-23 04:00:00,334,319.0
2015-09-24 04:00:00,335,320.0
2015-09-25 04:00:00,336,321.0
2015-09-26 04:00:00,337,322.0
2015-09-27 04:00:00,338,323.0
2015-09-28 04:00:00,339,324.0
2015-09-29 04:00:00,340,325.0
2015-09-30 04:00:00,341,326.0
2015-10-01 04:00:00,342,327.5
2015-10-02 04:00:00,343,328.5
2015-10-03 04:00:00,344,329.5
2015-10-04 04:00:00,345,330.5
2015-10-05 04:00:00,346,331.5
2015-10-06 04:00:00,347,332.5
2015-10-07 04:00:00,348,333.5
2015-10-08 04:00:00,349,334.5
2015-10-09 04:00:00,350,335.5
2015-10-10 04:00:00,351,336.5
2015-10-11 04:00:00,352,337.5
2015-10-12 04:00:00,353,338.5
2015-10-13 04:00:00,354,339.5
2015-10-14 04:00:00,355,340.5
2015-10-15 04:00:00,356,341.5
2015-10-16 04:00:00,357,342.5
2015-10-17 04:00:00,358,343.5
2015-10-18 04:00:00,359,344.5
2015-10-19 04:00:00,360,345.5
2015-10-20 04:00:00,361,346.5
2015-10-21 04:00:00,362,347.5
2015-10-22 04:00:00,363,348.5
2015-10-23 04:00:00,364,349.5
2015-10-24 04:00:00,365,350.5
2015-10-25 04:00:00,366,351.5
2015-10-26 04:00:00,367,352.5
2015-10-27 04:00:00,368,353.5
2015-10-28 04:00:00,369,354.5
2015-10-29 04:00:00,370,355.5
2015-10-30 04:00:00,371,356.5
2015-10-31 04:00:00,372,357.0
2015-11-01 04:00:00,373,358.0
2015-11-02 04:00:00,374,359.0
2015-11-03 04:00:00,375,360.0
2015-11-04 04:00:00,376,361.0
2015-11-05 04:00:00,377,362.0
2015-11-06 04:00:00,378,363.0
2015-11-07 04:00:00,379,364.0
2015-11-08 04:00:00,380,365.0
2015-11-09 04:00:00,381,366.0
