Churn in 1m,Churn in 2m,Churn in 3m,Date & Time,Inactivity,Questions,Sentences,Sentiment,Subjectivity,Words,Sentence mean past 30 days,Word mean past 30 days,Inactive mean past 30 days,Questions mean past 30 days,Sentiment mean past 30 days,Subjectivity mean past 30 days
0,0,0,2005-03-10 04:00:00,0,0.0,10.0,0.015555555555555557,0.2381944444444445,13.8,10.0,13.8,0.0,0.0,0.015555555555555557,0.2381944444444445
0,0,0,2005-03-11 04:00:00,0,0.0,0.0,0.0,0.0,0.0,5.0,6.9,0.0,0.0,0.007777777777777778,0.11909722222222224
0,0,0,2005-03-12 04:00:00,1,0.0,0.0,0.0,0.0,0.0,3.3333333333333335,4.6000000000000005,0.3333333333333333,0.0,0.005185185185185186,0.07939814814814816
0,0,0,2005-03-13 04:00:00,2,0.25,4.0,0.025,0.075,8.75,3.5,5.6375,0.75,0.0625,0.01013888888888889,0.07829861111111112
0,0,0,2005-03-14 04:00:00,0,0.0,0.0,0.0,0.0,0.0,2.8,4.51,0.6,0.05,0.008111111111111112,0.0626388888888889
0,0,0,2005-03-15 04:00:00,1,0.0,0.0,0.0,0.0,0.0,2.3333333333333335,3.7583333333333333,0.6666666666666666,0.041666666666666664,0.00675925925925926,0.052199074074074085
0,0,0,2005-03-16 04:00:00,2,0.0,0.0,0.0,0.0,0.0,2.0,3.2214285714285715,0.8571428571428571,0.03571428571428571,0.005793650793650794,0.0447420634920635
0,0,0,2005-03-17 04:00:00,3,0.0,0.0,0.0,0.0,0.0,1.75,2.81875,1.125,0.03125,0.005069444444444445,0.03914930555555556
0,0,0,2005-03-18 04:00:00,4,0.0,0.0,0.0,0.0,0.0,1.5555555555555556,2.5055555555555555,1.4444444444444444,0.027777777777777776,0.004506172839506173,0.03479938271604939
0,0,0,2005-03-19 04:00:00,5,0.0,0.0,0.0,0.0,0.0,1.4,2.255,1.8,0.025,0.004055555555555556,0.03131944444444445
0,0,0,2005-03-20 04:00:00,6,0.0,0.0,0.0,0.0,0.0,1.2727272727272727,2.0500000000000003,2.1818181818181817,0.022727272727272728,0.003686868686868687,0.02847222222222223
0,0,0,2005-03-21 04:00:00,7,0.0,0.0,0.0,0.0,0.0,1.1666666666666667,1.8791666666666667,2.5833333333333335,0.020833333333333332,0.00337962962962963,0.026099537037037043
0,0,0,2005-03-22 04:00:00,8,0.0,0.0,0.0,0.0,0.0,1.0769230769230769,1.7346153846153847,3.0,0.019230769230769232,0.00311965811965812,0.024091880341880346
0,0,0,2005-03-23 04:00:00,9,0.0,0.0,0.0,0.0,0.0,1.0,1.6107142857142858,3.4285714285714284,0.017857142857142856,0.002896825396825397,0.02237103174603175
0,0,0,2005-03-24 04:00:00,10,0.15384615384615385,13.0,-0.018589743589743583,0.1807692307692308,10.923076923076923,1.8,2.2315384615384617,3.8666666666666667,0.026923076923076925,0.0014643874643874648,0.03293091168091169
0,0,0,2005-03-25 04:00:00,0,0.0,6.0,0.004166666666666673,0.2583333333333333,14.333333333333336,2.0625,2.9879006410256412,3.625,0.025240384615384616,0.0016332799145299156,0.04701856303418804
0,0,0,2005-03-26 04:00:00,0,0.0,0.0,0.0,0.0,0.0,1.9411764705882353,2.812141779788839,3.411764705882353,0.023755656108597284,0.0015372046254399205,0.044252765208647564
0,0,0,2005-03-27 04:00:00,1,0.0,0.0,0.0,0.0,0.0,1.8333333333333333,2.655911680911681,3.2777777777777777,0.022435897435897436,0.001451804368471036,0.04179427825261159
0,0,0,2005-03-28 04:00:00,2,0.0,0.0,0.0,0.0,0.0,1.736842105263158,2.51612685560054,3.210526315789474,0.02125506072874494,0.0013753936122357182,0.03959457939721098
0,0,0,2005-03-29 04:00:00,3,0.0,0.0,0.0,0.0,0.0,1.65,2.390320512820513,3.2,0.020192307692307693,0.0013066239316239323,0.037614850427350424
0,0,0,2005-03-30 04:00:00,4,0.0,0.0,0.0,0.0,0.0,1.5714285714285714,2.276495726495727,3.238095238095238,0.019230769230769232,0.001244403744403745,0.035823667073667076
0,0,0,2005-03-31 04:00:00,5,0.0,0.0,0.0,0.0,0.0,1.5,2.173018648018648,3.3181818181818183,0.018356643356643356,0.0011878399378399385,0.03419531857031857
0,0,0,2005-04-01 04:00:00,6,0.0,5.0,0.09,0.12999999999999998,10.8,1.6521739130434783,2.5481047937569676,3.4347826086956523,0.017558528428093644,0.0050492382014121154,0.03836073950204385
0,0,0,2005-04-02 04:00:00,0,0.0,0.0,0.0,0.0,0.0,1.5833333333333333,2.4419337606837606,3.2916666666666665,0.016826923076923076,0.004838853276353278,0.03676237535612536
0,0,0,2005-04-03 04:00:00,1,0.0,0.0,0.0,0.0,0.0,1.52,2.3442564102564103,3.2,0.016153846153846154,0.004645299145299146,0.03529188034188034
0,0,0,2005-04-04 04:00:00,2,0.0,0.0,0.0,0.0,0.0,1.4615384615384615,2.254092702169625,3.1538461538461537,0.015532544378698224,0.0044666337935568715,0.0339345003287311
0,0,0,2005-04-05 04:00:00,3,0.0,0.0,0.0,0.0,0.0,1.4074074074074074,2.170607787274454,3.1481481481481484,0.014957264957264958,0.004301202912314024,0.032677666983222546
0,0,0,2005-04-06 04:00:00,4,0.0,0.0,0.0,0.0,0.0,1.3571428571428572,2.0930860805860805,3.1785714285714284,0.014423076923076924,0.0041475885225885235,0.03151060744810745
0,0,0,2005-04-07 04:00:00,5,0.0,0.0,0.0,0.0,0.0,1.3103448275862069,2.0209106984969054,3.2413793103448274,0.013925729442970823,0.00400456822870616,0.030424034777483053
0,0,0,2005-04-08 04:00:00,6,0.0,0.0,0.0,0.0,0.0,1.2666666666666666,1.9535470085470086,3.3333333333333335,0.013461538461538462,0.0038710826210826216,0.029409900284900283
0,0,0,2005-04-09 04:00:00,7,0.0,0.0,0.0,0.0,0.0,1.2258064516129032,1.8905293631100082,3.4516129032258065,0.013027295285359801,0.0037462089881444725,0.02846119382409705
0,0,0,2005-04-10 04:00:00,8,0.0,0.0,0.0,0.0,0.0,0.9032258064516129,1.4453680727874276,3.7096774193548385,0.013027295285359801,0.003244416873449132,0.02077750206782465
0,0,0,2005-04-11 04:00:00,9,0.0,0.0,0.0,0.0,0.0,0.9032258064516129,1.4453680727874276,4.0,0.013027295285359801,0.003244416873449132,0.02077750206782465
0,0,0,2005-04-12 04:00:00,10,0.4,5.0,0.14666666666666667,0.3133333333333333,12.0,1.064516129032258,1.8324648469809761,4.290322580645161,0.025930521091811414,0.007975599669148056,0.030885028949545076
0,0,0,2005-04-13 04:00:00,0,0.8888888888888888,9.0,-0.018222222222222226,0.09755555555555556,13.777777777777779,1.2258064516129032,1.9946512269092915,4.225806451612903,0.046539840088227175,0.0065813344361731465,0.03161262751585332
0,0,0,2005-04-14 04:00:00,0,0.0,0.0,0.0,0.0,0.0,1.2258064516129032,1.9946512269092915,4.225806451612903,0.046539840088227175,0.0065813344361731465,0.03161262751585332
0,0,0,2005-04-15 04:00:00,1,0.0,0.0,0.0,0.0,0.0,1.2258064516129032,1.9946512269092915,4.225806451612903,0.046539840088227175,0.0065813344361731465,0.03161262751585332
0,0,0,2005-04-16 04:00:00,2,0.0,0.0,0.0,0.0,0.0,1.2258064516129032,1.9946512269092915,4.225806451612903,0.04653984008822718,0.0065813344361731465,0.03161262751585332
0,0,0,2005-04-17 04:00:00,3,0.0,0.0,0.0,0.0,0.0,1.2258064516129032,1.9946512269092913,4.225806451612903,0.046539840088227175,0.0065813344361731465,0.03161262751585332
0,0,0,2005-04-18 04:00:00,4,0.35,9.5,-0.04370833333333332,0.2965416666666667,10.75,1.532258064516129,2.341425420457679,4.225806451612903,0.057830162668872344,0.0051713881996140075,0.04117848773090709
0,0,0,2005-04-19 04:00:00,0,0.0,0.0,0.0,0.0,0.0,1.532258064516129,2.341425420457679,4.064516129032258,0.057830162668872344,0.0051713881996140075,0.04117848773090709
0,0,0,2005-04-20 04:00:00,1,0.0,1.0,0.5688888888888889,0.9377777777777778,25.0,1.564516129032258,3.1478770333609045,3.903225806451613,0.057830162668872344,0.02352264267990074,0.07142938378825475
0,0,0,2005-04-21 04:00:00,0,0.0,0.0,0.0,0.0,0.0,1.564516129032258,3.1478770333609045,3.6774193548387095,0.057830162668872344,0.02352264267990074,0.07142938378825475
0,0,0,2005-04-22 04:00:00,1,0.0,0.0,0.0,0.0,0.0,1.564516129032258,3.1478770333609045,3.4516129032258065,0.057830162668872344,0.023522642679900743,0.07142938378825475
0,0,0,2005-04-23 04:00:00,2,0.0,0.0,0.0,0.0,0.0,1.564516129032258,3.1478770333609045,3.225806451612903,0.057830162668872344,0.023522642679900743,0.07142938378825475
0,0,0,2005-04-24 04:00:00,3,0.06,16.333333333333332,0.03188888888888888,0.3537444444444445,11.18,1.672043010752688,3.1561648745519713,3.0,0.054802867383512546,0.02515098566308243,0.07700922939068101
0,0,0,2005-04-25 04:00:00,0,0.0,0.0,0.0,0.0,0.0,1.4784946236559138,2.6937992831541218,3.0,0.054802867383512546,0.025016577060931893,0.06867589605734767
0,0,0,2005-04-26 04:00:00,1,0.0,0.0,0.0,0.0,0.0,1.4784946236559138,2.6937992831541218,3.032258064516129,0.05480286738351254,0.025016577060931893,0.06867589605734767
0,0,0,2005-04-27 04:00:00,2,0.0,0.0,0.0,0.0,0.0,1.4784946236559138,2.6937992831541218,3.064516129032258,0.05480286738351254,0.025016577060931893,0.06867589605734767
0,0,0,2005-04-28 04:00:00,3,0.0,0.0,0.0,0.0,0.0,1.4784946236559138,2.6937992831541218,3.096774193548387,0.054802867383512546,0.025016577060931893,0.06867589605734767
0,0,0,2005-04-29 04:00:00,4,0.0,0.0,0.0,0.0,0.0,1.4784946236559138,2.6937992831541218,3.129032258064516,0.054802867383512546,0.025016577060931893,0.06867589605734767
0,0,0,2005-04-30 04:00:00,5,0.0,0.0,0.0,0.0,0.0,1.4784946236559138,2.6937992831541218,3.161290322580645,0.05480286738351254,0.025016577060931893,0.06867589605734767
0,0,0,2005-05-01 04:00:00,6,0.0,0.0,0.0,0.0,0.0,1.361111111111111,2.4235925925925925,3.1,0.05662962962962962,0.022850462962962958,0.06663175925925927
0,0,0,2005-05-02 04:00:00,7,0.0,0.0,0.0,0.0,0.0,1.361111111111111,2.4235925925925925,3.3333333333333335,0.05662962962962963,0.022850462962962958,0.06663175925925927
0,0,0,2005-05-03 04:00:00,8,0.0,0.0,0.0,0.0,0.0,1.361111111111111,2.4235925925925925,3.566666666666667,0.05662962962962963,0.022850462962962958,0.06663175925925927
0,0,0,2005-05-04 04:00:00,9,0.0,0.0,0.0,0.0,0.0,1.361111111111111,2.4235925925925925,3.8,0.05662962962962962,0.022850462962962958,0.06663175925925927
0,0,0,2005-05-05 04:00:00,10,0.0,0.0,0.0,0.0,0.0,1.361111111111111,2.4235925925925925,4.033333333333333,0.05662962962962962,0.022850462962962958,0.06663175925925927
0,0,0,2005-05-06 04:00:00,11,0.0,0.0,0.0,0.0,0.0,1.361111111111111,2.4235925925925925,4.266666666666667,0.05662962962962963,0.022850462962962958,0.06663175925925927
0,0,0,2005-05-07 04:00:00,12,0.0,0.0,0.0,0.0,0.0,1.361111111111111,2.4235925925925925,4.5,0.05662962962962963,0.022850462962962958,0.06663175925925927
0,0,0,2005-05-08 04:00:00,13,0.0,0.0,0.0,0.0,0.0,1.361111111111111,2.4235925925925925,4.733333333333333,0.05662962962962963,0.022850462962962958,0.06663175925925927
0,0,0,2005-05-09 04:00:00,14,0.0,14.0,-0.0009523809523809586,0.21142857142857144,10.214285714285714,1.8277777777777777,2.7640687830687836,4.966666666666667,0.05662962962962963,0.022818716931216933,0.07367937830687832
0,0,0,2005-05-10 04:00:00,0,0.0,6.0,-0.23305555555555554,0.7098611111111109,21.0,2.0277777777777777,3.4640687830687833,4.7,0.05662962962962963,0.015050198412698411,0.09734141534391536
0,0,0,2005-05-11 04:00:00,0,0.0,0.0,0.0,0.0,0.0,2.0277777777777777,3.4640687830687833,4.4,0.05662962962962963,0.015050198412698411,0.09734141534391536
0,0,0,2005-05-12 04:00:00,1,0.0,1.0,0.16,0.6,21.0,1.8944444444444444,3.7640687830687836,4.1,0.04329629629629629,0.015494642857142856,0.10689697089947091
0,0,0,2005-05-13 04:00:00,0,0.3333333333333333,3.0,0.01666666666666667,0.12222222222222225,13.666666666666664,1.6944444444444442,3.7603650793650796,4.1,0.024777777777777777,0.016657605820105822,0.10771919312169313
0,0,0,2005-05-14 04:00:00,0,0.0,0.0,0.0,0.0,0.0,1.6944444444444442,3.7603650793650796,4.1,0.024777777777777777,0.016657605820105822,0.10771919312169313
0,0,0,2005-05-15 04:00:00,1,0.0,0.0,0.0,0.0,0.0,1.6944444444444442,3.7603650793650796,4.1,0.024777777777777777,0.016657605820105822,0.10771919312169313
0,0,0,2005-05-16 04:00:00,2,0.0,0.0,0.0,0.0,0.0,1.6944444444444442,3.7603650793650796,4.1,0.024777777777777777,0.016657605820105822,0.10771919312169313
0,0,0,2005-05-17 04:00:00,3,0.0,0.0,0.0,0.0,0.0,1.6944444444444442,3.760365079365079,4.1,0.024777777777777777,0.01665760582010582,0.10771919312169313
0,0,0,2005-05-18 04:00:00,4,0.0,0.0,0.0,0.0,0.0,1.3777777777777775,3.402031746031746,4.1,0.01311111111111111,0.018114550264550267,0.09783447089947091
0,0,0,2005-05-19 04:00:00,5,0.0,0.0,0.0,0.0,0.0,1.3777777777777775,3.402031746031746,4.266666666666667,0.01311111111111111,0.018114550264550267,0.09783447089947091
0,0,0,2005-05-20 04:00:00,6,0.0,0.0,0.0,0.0,0.0,1.3444444444444443,2.5686984126984127,4.433333333333334,0.01311111111111111,-0.000848412698412698,0.06657521164021164
0,0,0,2005-05-21 04:00:00,7,0.0,0.0,0.0,0.0,0.0,1.3444444444444443,2.5686984126984127,4.666666666666667,0.01311111111111111,-0.0008484126984126985,0.06657521164021164
0,0,0,2005-05-22 04:00:00,8,0.0,0.0,0.0,0.0,0.0,1.3444444444444443,2.5686984126984127,4.9,0.01311111111111111,-0.0008484126984126983,0.06657521164021164
0,0,0,2005-05-23 04:00:00,9,0.25,4.0,0.0,0.0,10.0,1.4777777777777776,2.902031746031746,5.133333333333334,0.021444444444444443,-0.0008484126984126983,0.06657521164021164
0,0,0,2005-05-24 04:00:00,0,0.5,4.0,0.20166666666666666,0.2875,12.25,1.0666666666666667,2.9376984126984125,5.033333333333333,0.03611111111111111,0.004810846560846561,0.06436706349206349
0,0,0,2005-05-25 04:00:00,0,0.0,0.0,0.0,0.0,0.0,1.0666666666666667,2.9376984126984125,5.033333333333333,0.03611111111111111,0.004810846560846561,0.06436706349206349
0,0,0,2005-05-26 04:00:00,1,0.0,0.0,0.0,0.0,0.0,1.0666666666666667,2.9376984126984125,5.033333333333333,0.03611111111111111,0.004810846560846561,0.06436706349206349
0,0,0,2005-05-27 04:00:00,2,0.0,0.0,0.0,0.0,0.0,1.0666666666666667,2.9376984126984125,5.033333333333333,0.03611111111111111,0.004810846560846561,0.06436706349206349
0,0,0,2005-05-28 04:00:00,3,1.0,1.0,-0.6499999999999999,0.9,23.0,1.1,3.7043650793650795,5.033333333333333,0.06944444444444443,-0.016855820105820103,0.09436706349206349
0,0,0,2005-05-29 04:00:00,0,0.0,0.0,0.0,0.0,0.0,1.1,3.7043650793650795,4.9,0.06944444444444443,-0.0168558201058201,0.09436706349206349
0,0,0,2005-05-30 04:00:00,1,0.0,0.0,0.0,0.0,0.0,1.1,3.7043650793650795,4.766666666666667,0.06944444444444443,-0.016855820105820103,0.09436706349206349
0,0,0,2005-05-31 04:00:00,2,0.0,0.0,0.0,0.0,0.0,1.064516129032258,3.584869431643625,4.67741935483871,0.06720430107526881,-0.016312083973374292,0.09132296466973885
0,0,0,2005-06-01 04:00:00,3,0.0,0.0,0.0,0.0,0.0,1.064516129032258,3.584869431643625,4.580645161290323,0.06720430107526881,-0.016312083973374292,0.09132296466973885
0,0,0,2005-06-02 04:00:00,4,0.0,0.0,0.0,0.0,0.0,1.064516129032258,3.5848694316436247,4.483870967741935,0.06720430107526881,-0.01631208397337429,0.09132296466973885
0,0,0,2005-06-03 04:00:00,5,0.0,0.0,0.0,0.0,0.0,1.064516129032258,3.5848694316436247,4.387096774193548,0.06720430107526881,-0.01631208397337429,0.09132296466973885
0,0,0,2005-06-04 04:00:00,6,0.0,0.0,0.0,0.0,0.0,1.064516129032258,3.5848694316436247,4.290322580645161,0.06720430107526881,-0.01631208397337429,0.09132296466973885
0,0,0,2005-06-05 04:00:00,7,0.0,0.0,0.0,0.0,0.0,1.064516129032258,3.5848694316436247,4.193548387096774,0.06720430107526881,-0.016312083973374292,0.09132296466973885
0,0,0,2005-06-06 04:00:00,8,0.0,0.0,0.0,0.0,0.0,1.064516129032258,3.5848694316436247,4.096774193548387,0.06720430107526883,-0.016312083973374292,0.09132296466973885
0,0,0,2005-06-07 04:00:00,9,0.0,0.0,0.0,0.0,0.0,1.064516129032258,3.5848694316436247,4.0,0.06720430107526883,-0.016312083973374292,0.09132296466973885
0,0,0,2005-06-08 04:00:00,10,0.0,0.0,0.0,0.0,0.0,1.064516129032258,3.5848694316436247,3.903225806451613,0.06720430107526883,-0.016312083973374292,0.09132296466973885
0,0,0,2005-06-09 04:00:00,11,0.0,0.0,0.0,0.0,0.0,0.6129032258064516,3.255376344086021,3.806451612903226,0.06720430107526883,-0.016281362007168457,0.08450268817204301
0,0,0,2005-06-10 04:00:00,12,0.0,0.0,0.0,0.0,0.0,0.41935483870967744,2.5779569892473115,4.193548387096774,0.06720430107526883,-0.008763440860215053,0.061603942652329755
0,0,0,2005-06-11 04:00:00,13,0.0,0.0,0.0,0.0,0.0,0.41935483870967744,2.5779569892473115,4.612903225806452,0.06720430107526883,-0.008763440860215053,0.061603942652329755
0,0,0,2005-06-12 04:00:00,14,0.0,0.0,0.0,0.0,0.0,0.3870967741935484,1.900537634408602,5.032258064516129,0.06720430107526883,-0.013924731182795696,0.04224910394265233
0,0,0,2005-06-13 04:00:00,15,0.0,0.0,0.0,0.0,0.0,0.2903225806451613,1.4596774193548387,5.516129032258065,0.056451612903225805,-0.014462365591397847,0.038306451612903226
0,0,0,2005-06-14 04:00:00,16,0.0,0.0,0.0,0.0,0.0,0.2903225806451613,1.4596774193548387,6.032258064516129,0.056451612903225805,-0.014462365591397847,0.038306451612903226
0,0,0,2005-06-15 04:00:00,17,0.0,0.0,0.0,0.0,0.0,0.2903225806451613,1.4596774193548387,6.548387096774194,0.056451612903225805,-0.014462365591397847,0.038306451612903226
0,0,0,2005-06-16 04:00:00,18,0.0,0.0,0.0,0.0,0.0,0.2903225806451613,1.4596774193548387,7.064516129032258,0.056451612903225805,-0.014462365591397847,0.038306451612903226
0,0,0,2005-06-17 04:00:00,19,0.0,0.0,0.0,0.0,0.0,0.2903225806451613,1.4596774193548387,7.580645161290323,0.056451612903225805,-0.014462365591397847,0.038306451612903226
0,0,0,2005-06-18 04:00:00,20,0.0,0.0,0.0,0.0,0.0,0.2903225806451613,1.4596774193548387,8.096774193548388,0.056451612903225805,-0.014462365591397847,0.038306451612903226
0,0,0,2005-06-19 04:00:00,21,0.0,0.0,0.0,0.0,0.0,0.2903225806451613,1.4596774193548387,8.612903225806452,0.056451612903225805,-0.014462365591397847,0.038306451612903226
0,0,0,2005-06-20 04:00:00,22,0.0,0.0,0.0,0.0,0.0,0.2903225806451613,1.4596774193548387,9.129032258064516,0.056451612903225805,-0.014462365591397847,0.038306451612903226
0,0,0,2005-06-21 04:00:00,23,0.0,0.0,0.0,0.0,0.0,0.2903225806451613,1.4596774193548387,9.64516129032258,0.056451612903225805,-0.014462365591397847,0.038306451612903226
0,0,0,2005-06-22 04:00:00,24,0.0,0.0,0.0,0.0,0.0,0.2903225806451613,1.4596774193548387,10.161290322580646,0.056451612903225805,-0.014462365591397847,0.038306451612903226
0,0,0,2005-06-23 04:00:00,25,0.0,0.0,0.0,0.0,0.0,0.16129032258064516,1.1370967741935485,10.67741935483871,0.04838709677419355,-0.014462365591397847,0.038306451612903226
0,0,0,2005-06-24 04:00:00,26,0.0,0.0,0.0,0.0,0.0,0.03225806451612903,0.7419354838709677,11.516129032258064,0.03225806451612903,-0.02096774193548387,0.02903225806451613
0,0,0,2005-06-25 04:00:00,27,0.0,0.0,0.0,0.0,0.0,0.03225806451612903,0.7419354838709677,12.387096774193548,0.03225806451612903,-0.02096774193548387,0.02903225806451613
0,0,0,2005-06-26 04:00:00,28,0.0,0.0,0.0,0.0,0.0,0.03225806451612903,0.7419354838709677,13.258064516129032,0.03225806451612903,-0.02096774193548387,0.02903225806451613
0,0,0,2005-06-27 04:00:00,29,0.0,0.0,0.0,0.0,0.0,0.03225806451612903,0.7419354838709677,14.129032258064516,0.03225806451612903,-0.02096774193548387,0.02903225806451613
0,0,0,2005-06-28 04:00:00,30,0.0,0.0,0.0,0.0,0.0,0.0,0.0,15.0,0.0,0.0,0.0
0,0,0,2005-06-29 04:00:00,31,0.0,0.0,0.0,0.0,0.0,0.0,0.0,16.0,0.0,0.0,0.0
0,0,0,2005-06-30 04:00:00,32,0.0,0.0,0.0,0.0,0.0,0.0,0.0,17.0,0.0,0.0,0.0
0,0,0,2005-07-01 04:00:00,33,0.0,0.0,0.0,0.0,0.0,0.0,0.0,18.5,0.0,0.0,0.0
0,0,0,2005-07-02 04:00:00,34,0.0,0.0,0.0,0.0,0.0,0.0,0.0,19.5,0.0,0.0,0.0
0,0,0,2005-07-03 04:00:00,35,0.0,0.0,0.0,0.0,0.0,0.0,0.0,20.5,0.0,0.0,0.0
0,0,0,2005-07-04 04:00:00,36,0.0,0.0,0.0,0.0,0.0,0.0,0.0,21.5,0.0,0.0,0.0
0,0,0,2005-07-05 04:00:00,37,0.0,0.0,0.0,0.0,0.0,0.0,0.0,22.5,0.0,0.0,0.0
0,0,0,2005-07-06 04:00:00,38,0.0,0.0,0.0,0.0,0.0,0.0,0.0,23.5,0.0,0.0,0.0
0,0,0,2005-07-07 04:00:00,39,0.0,0.0,0.0,0.0,0.0,0.0,0.0,24.5,0.0,0.0,0.0
0,0,0,2005-07-08 04:00:00,40,0.0,0.0,0.0,0.0,0.0,0.0,0.0,25.5,0.0,0.0,0.0
0,0,0,2005-07-09 04:00:00,41,0.0,0.0,0.0,0.0,0.0,0.0,0.0,26.5,0.0,0.0,0.0
0,0,0,2005-07-10 04:00:00,42,0.0,0.0,0.0,0.0,0.0,0.0,0.0,27.5,0.0,0.0,0.0
0,0,0,2005-07-11 04:00:00,43,0.3142857142857143,5.166666666666667,-0.02071428571428571,0.11809523809523807,8.942857142857143,0.17222222222222222,0.2980952380952381,28.5,0.010476190476190476,-0.0006904761904761904,0.003936507936507936
0,0,0,2005-07-12 04:00:00,0,0.0,0.0,0.0,0.0,0.0,0.17222222222222222,0.2980952380952381,28.033333333333335,0.010476190476190476,-0.0006904761904761904,0.003936507936507936
0,0,0,2005-07-13 04:00:00,1,0.0,0.0,0.0,0.0,0.0,0.17222222222222222,0.2980952380952381,27.566666666666666,0.010476190476190476,-0.0006904761904761904,0.003936507936507936
0,0,0,2005-07-14 04:00:00,2,0.0,0.0,0.0,0.0,0.0,0.17222222222222222,0.2980952380952381,27.1,0.010476190476190476,-0.0006904761904761904,0.003936507936507936
0,0,0,2005-07-15 04:00:00,3,0.0,0.0,0.0,0.0,0.0,0.17222222222222222,0.2980952380952381,26.633333333333333,0.010476190476190476,-0.0006904761904761904,0.003936507936507936
0,0,0,2005-07-16 04:00:00,4,0.0,0.0,0.0,0.0,0.0,0.17222222222222222,0.2980952380952381,26.166666666666668,0.010476190476190476,-0.0006904761904761904,0.003936507936507936
0,0,0,2005-07-17 04:00:00,5,0.0,0.0,0.0,0.0,0.0,0.17222222222222222,0.2980952380952381,25.7,0.010476190476190476,-0.0006904761904761904,0.003936507936507936
0,0,0,2005-07-18 04:00:00,6,0.0,0.0,0.0,0.0,0.0,0.17222222222222222,0.2980952380952381,25.233333333333334,0.010476190476190476,-0.0006904761904761904,0.003936507936507936
0,0,0,2005-07-19 04:00:00,7,0.0,0.0,0.0,0.0,0.0,0.17222222222222222,0.2980952380952381,24.766666666666666,0.010476190476190476,-0.0006904761904761904,0.003936507936507936
0,0,0,2005-07-20 04:00:00,8,0.0,0.0,0.0,0.0,0.0,0.17222222222222222,0.2980952380952381,24.3,0.010476190476190476,-0.0006904761904761904,0.003936507936507936
0,0,0,2005-07-21 04:00:00,9,0.0,0.0,0.0,0.0,0.0,0.17222222222222222,0.2980952380952381,23.833333333333332,0.010476190476190476,-0.0006904761904761904,0.003936507936507936
0,0,0,2005-07-22 04:00:00,10,0.0,0.0,0.0,0.0,0.0,0.17222222222222222,0.2980952380952381,23.366666666666667,0.010476190476190476,-0.0006904761904761904,0.003936507936507936
0,0,0,2005-07-23 04:00:00,11,0.0,0.0,0.0,0.0,0.0,0.17222222222222222,0.2980952380952381,22.9,0.010476190476190476,-0.0006904761904761904,0.003936507936507936
0,0,0,2005-07-24 04:00:00,12,0.0,0.0,0.0,0.0,0.0,0.17222222222222222,0.2980952380952381,22.433333333333334,0.010476190476190476,-0.0006904761904761904,0.003936507936507936
0,0,0,2005-07-25 04:00:00,13,0.0,0.0,0.0,0.0,0.0,0.17222222222222222,0.2980952380952381,21.966666666666665,0.010476190476190476,-0.0006904761904761904,0.003936507936507936
0,0,0,2005-07-26 04:00:00,14,0.0,0.0,0.0,0.0,0.0,0.17222222222222222,0.2980952380952381,21.5,0.010476190476190476,-0.0006904761904761904,0.003936507936507936
0,0,0,2005-07-27 04:00:00,15,0.0,0.0,0.0,0.0,0.0,0.17222222222222222,0.2980952380952381,21.033333333333335,0.010476190476190476,-0.0006904761904761904,0.003936507936507936
0,0,0,2005-07-28 04:00:00,16,0.0,0.0,0.0,0.0,0.0,0.17222222222222222,0.2980952380952381,20.566666666666666,0.010476190476190476,-0.0006904761904761904,0.003936507936507936
0,0,0,2005-07-29 04:00:00,17,0.0,0.0,0.0,0.0,0.0,0.17222222222222222,0.2980952380952381,20.1,0.010476190476190476,-0.0006904761904761904,0.003936507936507936
0,0,0,2005-07-30 04:00:00,18,0.0,0.0,0.0,0.0,0.0,0.17222222222222222,0.2980952380952381,19.633333333333333,0.010476190476190476,-0.0006904761904761904,0.003936507936507936
0,0,0,2005-07-31 04:00:00,19,0.0,0.0,0.0,0.0,0.0,0.16666666666666669,0.28847926267281104,19.612903225806452,0.010138248847926266,-0.0006682027649769584,0.0038095238095238087
0,0,0,2005-08-01 04:00:00,20,0.0,0.0,0.0,0.0,0.0,0.16666666666666669,0.28847926267281104,19.193548387096776,0.010138248847926266,-0.0006682027649769584,0.0038095238095238087
0,0,0,2005-08-02 04:00:00,21,0.0,0.0,0.0,0.0,0.0,0.16666666666666669,0.28847926267281104,18.774193548387096,0.010138248847926266,-0.0006682027649769584,0.0038095238095238087
0,0,0,2005-08-03 04:00:00,22,0.0,0.0,0.0,0.0,0.0,0.16666666666666669,0.28847926267281104,18.35483870967742,0.010138248847926266,-0.0006682027649769584,0.0038095238095238087
0,0,0,2005-08-04 04:00:00,23,0.0,0.0,0.0,0.0,0.0,0.16666666666666669,0.28847926267281104,17.93548387096774,0.010138248847926266,-0.0006682027649769584,0.0038095238095238087
0,0,0,2005-08-05 04:00:00,24,0.0,0.0,0.0,0.0,0.0,0.16666666666666669,0.28847926267281104,17.516129032258064,0.010138248847926266,-0.0006682027649769584,0.0038095238095238087
0,0,0,2005-08-06 04:00:00,25,0.0,0.0,0.0,0.0,0.0,0.16666666666666669,0.28847926267281104,17.096774193548388,0.010138248847926266,-0.0006682027649769584,0.0038095238095238087
0,0,0,2005-08-07 04:00:00,26,0.0,0.0,0.0,0.0,0.0,0.16666666666666669,0.28847926267281104,16.677419354838708,0.010138248847926266,-0.0006682027649769584,0.0038095238095238087
0,0,0,2005-08-08 04:00:00,27,0.0,0.0,0.0,0.0,0.0,0.16666666666666669,0.28847926267281104,16.258064516129032,0.010138248847926266,-0.0006682027649769584,0.0038095238095238087
0,0,0,2005-08-09 04:00:00,28,0.0,0.0,0.0,0.0,0.0,0.16666666666666669,0.28847926267281104,15.838709677419354,0.010138248847926266,-0.0006682027649769584,0.0038095238095238087
0,0,0,2005-08-10 04:00:00,29,0.0,0.0,0.0,0.0,0.0,0.16666666666666669,0.28847926267281104,15.419354838709678,0.010138248847926266,-0.0006682027649769584,0.0038095238095238087
0,0,0,2005-08-11 04:00:00,30,0.0,0.0,0.0,0.0,0.0,0.0,0.0,15.0,0.0,0.0,0.0
0,0,0,2005-08-12 04:00:00,31,0.0,0.0,0.0,0.0,0.0,0.0,0.0,16.0,0.0,0.0,0.0
0,0,0,2005-08-13 04:00:00,32,0.0,0.0,0.0,0.0,0.0,0.0,0.0,17.0,0.0,0.0,0.0
0,0,0,2005-08-14 04:00:00,33,0.0,0.0,0.0,0.0,0.0,0.0,0.0,18.0,0.0,0.0,0.0
0,0,0,2005-08-15 04:00:00,34,0.0,0.0,0.0,0.0,0.0,0.0,0.0,19.0,0.0,0.0,0.0
0,0,0,2005-08-16 04:00:00,35,0.0,0.0,0.0,0.0,0.0,0.0,0.0,20.0,0.0,0.0,0.0
0,0,0,2005-08-17 04:00:00,36,0.0,0.0,0.0,0.0,0.0,0.0,0.0,21.0,0.0,0.0,0.0
0,0,0,2005-08-18 04:00:00,37,0.0,0.0,0.0,0.0,0.0,0.0,0.0,22.0,0.0,0.0,0.0
0,0,0,2005-08-19 04:00:00,38,0.0,0.0,0.0,0.0,0.0,0.0,0.0,23.0,0.0,0.0,0.0
0,0,0,2005-08-20 04:00:00,39,0.0,0.0,0.0,0.0,0.0,0.0,0.0,24.0,0.0,0.0,0.0
0,0,0,2005-08-21 04:00:00,40,0.0,0.0,0.0,0.0,0.0,0.0,0.0,25.0,0.0,0.0,0.0
0,0,0,2005-08-22 04:00:00,41,0.0,0.0,0.0,0.0,0.0,0.0,0.0,26.0,0.0,0.0,0.0
0,0,0,2005-08-23 04:00:00,42,0.0,0.0,0.0,0.0,0.0,0.0,0.0,27.0,0.0,0.0,0.0
0,0,0,2005-08-24 04:00:00,43,0.0,0.0,0.0,0.0,0.0,0.0,0.0,28.0,0.0,0.0,0.0
0,0,0,2005-08-25 04:00:00,44,0.21428571428571427,7.0,0.01785714285714287,0.16428571428571428,11.428571428571427,0.22580645161290322,0.36866359447004604,29.0,0.006912442396313364,0.0005760368663594474,0.005299539170506912
0,0,0,2005-08-26 04:00:00,0,0.0,0.0,0.0,0.0,0.0,0.22580645161290322,0.36866359447004604,28.548387096774192,0.006912442396313364,0.0005760368663594474,0.005299539170506912
0,0,0,2005-08-27 04:00:00,1,0.0,0.0,0.0,0.0,0.0,0.22580645161290322,0.36866359447004604,28.096774193548388,0.006912442396313364,0.0005760368663594474,0.005299539170506912
0,0,0,2005-08-28 04:00:00,2,0.0,0.0,0.0,0.0,0.0,0.22580645161290322,0.36866359447004604,27.64516129032258,0.006912442396313364,0.0005760368663594474,0.005299539170506912
0,0,0,2005-08-29 04:00:00,3,0.0,0.0,0.0,0.0,0.0,0.22580645161290322,0.36866359447004604,27.193548387096776,0.006912442396313364,0.0005760368663594474,0.005299539170506912
0,0,0,2005-08-30 04:00:00,4,0.0,0.0,0.0,0.0,0.0,0.22580645161290322,0.36866359447004604,26.741935483870968,0.006912442396313364,0.0005760368663594474,0.005299539170506912
0,0,0,2005-08-31 04:00:00,5,0.0,0.0,0.0,0.0,0.0,0.22580645161290322,0.36866359447004604,26.29032258064516,0.006912442396313364,0.0005760368663594474,0.005299539170506912
0,0,0,2005-09-01 04:00:00,6,0.4444444444444444,9.0,0.037037037037037035,0.18888888888888888,10.444444444444443,0.5161290322580645,0.7055811571940603,25.838709677419356,0.02124935995903738,0.0017707799965864485,0.011392729134664617
0,0,0,2005-09-02 04:00:00,0,0.0,0.0,0.0,0.0,0.0,0.5161290322580645,0.7055811571940603,25.161290322580644,0.02124935995903738,0.0017707799965864485,0.011392729134664617
0,0,0,2005-09-03 04:00:00,1,0.0,0.0,0.0,0.0,0.0,0.5161290322580645,0.7055811571940603,24.483870967741936,0.02124935995903738,0.0017707799965864485,0.011392729134664617
0,0,0,2005-09-04 04:00:00,2,0.0,0.0,0.0,0.0,0.0,0.5161290322580645,0.7055811571940603,23.806451612903224,0.02124935995903738,0.0017707799965864485,0.011392729134664617
0,0,0,2005-09-05 04:00:00,3,0.0,0.0,0.0,0.0,0.0,0.5161290322580645,0.7055811571940603,23.129032258064516,0.02124935995903738,0.0017707799965864485,0.011392729134664617
0,0,0,2005-09-06 04:00:00,4,0.0,6.0,-0.03333333333333333,0.2,8.833333333333334,0.7096774193548387,0.9905273937532001,22.451612903225808,0.02124935995903738,0.0006955111793821475,0.017844342037890426
0,0,0,2005-09-07 04:00:00,0,0.0,0.0,0.0,0.0,0.0,0.7096774193548387,0.9905273937532001,21.612903225806452,0.02124935995903738,0.0006955111793821475,0.017844342037890426
0,0,0,2005-09-08 04:00:00,1,0.0,0.0,0.0,0.0,0.0,0.7096774193548387,0.9905273937532001,20.774193548387096,0.02124935995903738,0.0006955111793821475,0.017844342037890426
0,0,0,2005-09-09 04:00:00,2,0.0,0.0,0.0,0.0,0.0,0.7096774193548387,0.9905273937532002,19.93548387096774,0.02124935995903738,0.0006955111793821475,0.017844342037890426
0,0,0,2005-09-10 04:00:00,3,0.0,0.0,0.0,0.0,0.0,0.7096774193548387,0.9905273937532001,19.096774193548388,0.02124935995903738,0.0006955111793821475,0.017844342037890426
0,0,0,2005-09-11 04:00:00,4,0.0,0.0,0.0,0.0,0.0,0.7096774193548387,0.9905273937532001,18.258064516129032,0.02124935995903738,0.0006955111793821475,0.017844342037890426
0,0,0,2005-09-12 04:00:00,5,0.0,0.0,0.0,0.0,0.0,0.7096774193548387,0.9905273937532001,17.419354838709676,0.02124935995903738,0.0006955111793821475,0.017844342037890426
0,0,0,2005-09-13 04:00:00,6,0.0,0.0,0.0,0.0,0.0,0.7096774193548387,0.9905273937532002,16.580645161290324,0.02124935995903738,0.0006955111793821475,0.017844342037890426
0,0,0,2005-09-14 04:00:00,7,0.0,0.0,0.0,0.0,0.0,0.7096774193548387,0.9905273937532001,15.741935483870968,0.02124935995903738,0.0006955111793821475,0.017844342037890426
0,0,0,2005-09-15 04:00:00,8,0.0,0.0,0.0,0.0,0.0,0.7096774193548387,0.9905273937532001,14.903225806451612,0.02124935995903738,0.0006955111793821475,0.017844342037890426
0,0,0,2005-09-16 04:00:00,9,0.0,0.0,0.0,0.0,0.0,0.7096774193548387,0.9905273937532001,14.064516129032258,0.02124935995903738,0.0006955111793821475,0.017844342037890426
0,0,0,2005-09-17 04:00:00,10,0.0,0.0,0.0,0.0,0.0,0.7096774193548387,0.9905273937532002,13.225806451612904,0.02124935995903738,0.0006955111793821475,0.017844342037890426
0,0,0,2005-09-18 04:00:00,11,0.0,0.0,0.0,0.0,0.0,0.7096774193548387,0.9905273937532002,12.387096774193548,0.02124935995903738,0.0006955111793821475,0.017844342037890426
0,0,0,2005-09-19 04:00:00,12,0.0,0.0,0.0,0.0,0.0,0.7096774193548387,0.9905273937532002,11.548387096774194,0.02124935995903738,0.0006955111793821475,0.017844342037890426
0,0,0,2005-09-20 04:00:00,13,0.0,0.0,0.0,0.0,0.0,0.7096774193548387,0.9905273937532002,10.709677419354838,0.02124935995903738,0.0006955111793821475,0.017844342037890426
0,0,0,2005-09-21 04:00:00,14,0.0,0.0,0.0,0.0,0.0,0.7096774193548387,0.9905273937532002,9.870967741935484,0.02124935995903738,0.0006955111793821475,0.017844342037890426
0,0,0,2005-09-22 04:00:00,15,0.0,0.0,0.0,0.0,0.0,0.7096774193548387,0.9905273937532002,9.03225806451613,0.02124935995903738,0.0006955111793821475,0.017844342037890426
0,0,0,2005-09-23 04:00:00,16,0.0,0.0,0.0,0.0,0.0,0.7096774193548387,0.9905273937532002,8.193548387096774,0.02124935995903738,0.0006955111793821475,0.017844342037890426
0,0,0,2005-09-24 04:00:00,17,0.0,0.0,0.0,0.0,0.0,0.7096774193548387,0.9905273937532002,7.354838709677419,0.02124935995903738,0.0006955111793821475,0.017844342037890426
0,0,0,2005-09-25 04:00:00,18,0.0,0.0,0.0,0.0,0.0,0.4838709677419355,0.6218637992831542,6.516129032258065,0.014336917562724014,0.00011947431302270007,0.012544802867383513
0,0,0,2005-09-26 04:00:00,19,0.0,0.0,0.0,0.0,0.0,0.4838709677419355,0.6218637992831542,7.129032258064516,0.014336917562724014,0.00011947431302270007,0.012544802867383513
0,0,0,2005-09-27 04:00:00,20,0.0,0.0,0.0,0.0,0.0,0.4838709677419355,0.6218637992831542,7.741935483870968,0.014336917562724014,0.00011947431302270007,0.012544802867383513
0,0,0,2005-09-28 04:00:00,21,0.0,0.0,0.0,0.0,0.0,0.4838709677419355,0.6218637992831542,8.35483870967742,0.014336917562724014,0.00011947431302270007,0.012544802867383513
0,0,0,2005-09-29 04:00:00,22,0.0,0.0,0.0,0.0,0.0,0.4838709677419355,0.6218637992831542,8.96774193548387,0.014336917562724014,0.00011947431302270007,0.012544802867383513
0,0,0,2005-09-30 04:00:00,23,0.0,0.0,0.0,0.0,0.0,0.4838709677419355,0.6218637992831542,9.580645161290322,0.014336917562724014,0.00011947431302270007,0.012544802867383513
0,0,0,2005-10-01 04:00:00,24,0.0,0.0,0.0,0.0,0.0,0.2,0.29444444444444445,10.333333333333334,0.0,-0.0011111111111111111,0.006666666666666667
0,0,0,2005-10-02 04:00:00,25,0.0,0.0,0.0,0.0,0.0,0.2,0.29444444444444445,11.166666666666666,0.0,-0.0011111111111111111,0.006666666666666667
0,0,0,2005-10-03 04:00:00,26,0.2857142857142857,4.75,0.0623015873015873,0.25873015873015875,11.285714285714285,0.35833333333333334,0.6706349206349207,12.0,0.009523809523809523,0.0009656084656084657,0.015291005291005293
0,0,0,2005-10-04 04:00:00,0,0.0,0.0,0.0,0.0,0.0,0.35833333333333334,0.6706349206349207,11.933333333333334,0.009523809523809523,0.0009656084656084657,0.015291005291005293
0,0,0,2005-10-05 04:00:00,1,0.0,0.0,0.0,0.0,0.0,0.35833333333333334,0.6706349206349207,11.866666666666667,0.009523809523809523,0.0009656084656084657,0.015291005291005293
0,0,0,2005-10-06 04:00:00,2,0.0,0.0,0.0,0.0,0.0,0.15833333333333333,0.37619047619047613,11.8,0.009523809523809523,0.002076719576719577,0.008624338624338625
0,0,0,2005-10-07 04:00:00,3,0.0,0.0,0.0,0.0,0.0,0.15833333333333333,0.37619047619047613,11.9,0.009523809523809523,0.002076719576719577,0.008624338624338625
0,0,0,2005-10-08 04:00:00,4,0.0,0.0,0.0,0.0,0.0,0.15833333333333333,0.37619047619047613,12.0,0.009523809523809523,0.002076719576719577,0.008624338624338625
0,0,0,2005-10-09 04:00:00,5,0.0,0.0,0.0,0.0,0.0,0.15833333333333333,0.37619047619047613,12.1,0.009523809523809523,0.002076719576719577,0.008624338624338625
0,0,0,2005-10-10 04:00:00,6,0.0,0.0,0.0,0.0,0.0,0.15833333333333333,0.37619047619047613,12.2,0.009523809523809523,0.002076719576719577,0.008624338624338625
0,0,0,2005-10-11 04:00:00,7,0.0,0.0,0.0,0.0,0.0,0.15833333333333333,0.37619047619047613,12.3,0.009523809523809523,0.002076719576719577,0.008624338624338625
0,0,0,2005-10-12 04:00:00,8,0.0,0.0,0.0,0.0,0.0,0.15833333333333333,0.37619047619047613,12.4,0.009523809523809523,0.002076719576719577,0.008624338624338625
0,0,0,2005-10-13 04:00:00,9,0.08333333333333333,12.0,-0.00960648148148148,0.28171296296296305,11.583333333333336,0.5583333333333333,0.7623015873015874,12.5,0.012301587301587301,0.0017565035273368608,0.01801477072310406
0,0,0,2005-10-14 04:00:00,0,0.0,0.0,0.0,0.0,0.0,0.5583333333333333,0.7623015873015874,12.266666666666667,0.012301587301587301,0.0017565035273368608,0.01801477072310406
0,0,0,2005-10-15 04:00:00,1,0.0,0.0,0.0,0.0,0.0,0.5583333333333333,0.7623015873015874,12.033333333333333,0.012301587301587301,0.0017565035273368608,0.01801477072310406
0,0,0,2005-10-16 04:00:00,2,0.0,0.0,0.0,0.0,0.0,0.5583333333333333,0.7623015873015874,11.8,0.012301587301587301,0.0017565035273368608,0.01801477072310406
0,0,0,2005-10-17 04:00:00,3,0.0,0.0,0.0,0.0,0.0,0.5583333333333333,0.7623015873015874,11.566666666666666,0.012301587301587301,0.0017565035273368608,0.01801477072310406
0,0,0,2005-10-18 04:00:00,4,0.0,0.0,0.0,0.0,0.0,0.5583333333333333,0.7623015873015874,11.333333333333334,0.012301587301587301,0.0017565035273368608,0.01801477072310406
0,0,0,2005-10-19 04:00:00,5,0.0,0.0,0.0,0.0,0.0,0.5583333333333333,0.7623015873015874,11.1,0.012301587301587301,0.0017565035273368608,0.01801477072310406
0,0,0,2005-10-20 04:00:00,6,0.0,0.0,0.0,0.0,0.0,0.5583333333333333,0.7623015873015874,10.866666666666667,0.012301587301587301,0.0017565035273368608,0.01801477072310406
0,0,0,2005-10-21 04:00:00,7,0.0,0.0,0.0,0.0,0.0,0.5583333333333333,0.7623015873015874,10.633333333333333,0.012301587301587301,0.0017565035273368608,0.01801477072310406
0,0,0,2005-10-22 04:00:00,8,0.0,0.0,0.0,0.0,0.0,0.5583333333333333,0.7623015873015874,10.4,0.012301587301587301,0.0017565035273368608,0.01801477072310406
0,0,0,2005-10-23 04:00:00,9,0.0,0.0,0.0,0.0,0.0,0.5583333333333333,0.7623015873015874,10.166666666666666,0.012301587301587301,0.0017565035273368608,0.01801477072310406
0,0,0,2005-10-24 04:00:00,10,0.5833333333333334,12.0,-0.004166666666666666,0.09444444444444444,9.083333333333334,0.9583333333333334,1.0650793650793653,9.933333333333334,0.03174603174603175,0.0016176146384479719,0.02116291887125221
0,0,0,2005-10-25 04:00:00,0,0.0,0.0,0.0,0.0,0.0,0.9583333333333334,1.0650793650793653,9.333333333333334,0.031746031746031744,0.0016176146384479719,0.02116291887125221
0,0,0,2005-10-26 04:00:00,1,0.0,0.0,0.0,0.0,0.0,0.9583333333333334,1.0650793650793653,8.733333333333333,0.031746031746031744,0.0016176146384479719,0.02116291887125221
0,0,0,2005-10-27 04:00:00,2,0.0,0.0,0.0,0.0,0.0,0.9583333333333334,1.0650793650793653,8.133333333333333,0.03174603174603175,0.0016176146384479719,0.02116291887125221
0,0,0,2005-10-28 04:00:00,3,0.0,0.0,0.0,0.0,0.0,0.9583333333333334,1.0650793650793653,7.533333333333333,0.03174603174603175,0.0016176146384479719,0.02116291887125221
0,0,0,2005-10-29 04:00:00,4,0.0,0.0,0.0,0.0,0.0,0.9583333333333334,1.0650793650793653,6.933333333333334,0.03174603174603175,0.0016176146384479719,0.02116291887125221
0,0,0,2005-10-30 04:00:00,5,0.0,0.0,0.0,0.0,0.0,0.9583333333333334,1.0650793650793653,6.333333333333333,0.03174603174603175,0.0016176146384479719,0.02116291887125221
0,0,0,2005-10-31 04:00:00,6,0.0,0.0,0.0,0.0,0.0,0.9274193548387096,1.0307219662058373,6.32258064516129,0.030721966205837177,0.0015654335210786826,0.02048024406895375
0,0,0,2005-11-01 04:00:00,7,0.0,0.0,0.0,0.0,0.0,0.9274193548387096,1.0307219662058373,5.774193548387097,0.030721966205837177,0.0015654335210786826,0.02048024406895375
0,0,0,2005-11-02 04:00:00,8,0.4,5.0,0.013333333333333336,0.145,20.4,1.0887096774193548,1.6887864823348695,5.225806451612903,0.04362519201228879,0.001995541047960403,0.025157663423792456
0,0,0,2005-11-03 04:00:00,0,0.0,0.0,0.0,0.0,0.0,0.9354838709677419,1.3247311827956991,4.387096774193548,0.034408602150537634,-1.4187574671445469e-05,0.01681152927120669
0,0,0,2005-11-04 04:00:00,1,0.0,0.0,0.0,0.0,0.0,0.9354838709677419,1.3247311827956991,4.419354838709677,0.034408602150537634,-1.4187574671445469e-05,0.01681152927120669
0,0,0,2005-11-05 04:00:00,2,0.0,0.0,0.0,0.0,0.0,0.9354838709677419,1.3247311827956991,4.451612903225806,0.03440860215053764,-1.4187574671445469e-05,0.01681152927120669
0,0,0,2005-11-06 04:00:00,3,0.0,0.0,0.0,0.0,0.0,0.9354838709677419,1.3247311827956991,4.483870967741935,0.034408602150537634,-1.4187574671445469e-05,0.01681152927120669
0,0,0,2005-11-07 04:00:00,4,0.0,0.0,0.0,0.0,0.0,0.9354838709677419,1.3247311827956991,4.516129032258065,0.034408602150537634,-1.4187574671445469e-05,0.01681152927120669
0,0,0,2005-11-08 04:00:00,5,0.0,0.0,0.0,0.0,0.0,0.9354838709677419,1.3247311827956991,4.548387096774194,0.034408602150537634,-1.4187574671445469e-05,0.01681152927120669
0,0,0,2005-11-09 04:00:00,6,0.0,0.0,0.0,0.0,0.0,0.9354838709677419,1.3247311827956991,4.580645161290323,0.034408602150537634,-1.4187574671445469e-05,0.01681152927120669
0,0,0,2005-11-10 04:00:00,7,0.0,0.0,0.0,0.0,0.0,0.9354838709677419,1.3247311827956991,4.612903225806452,0.034408602150537634,-1.4187574671445469e-05,0.01681152927120669
0,0,0,2005-11-11 04:00:00,8,0.0,0.0,0.0,0.0,0.0,0.9354838709677419,1.3247311827956991,4.645161290322581,0.034408602150537634,-1.4187574671445469e-05,0.01681152927120669
0,0,0,2005-11-12 04:00:00,9,0.0,0.0,0.0,0.0,0.0,0.9354838709677419,1.3247311827956991,4.67741935483871,0.034408602150537634,-1.4187574671445469e-05,0.01681152927120669
0,0,0,2005-11-13 04:00:00,10,0.0,0.0,0.0,0.0,0.0,0.5483870967741935,0.9510752688172043,4.709677419354839,0.031720430107526884,0.0002956989247311829,0.007724014336917562
0,0,0,2005-11-14 04:00:00,11,0.0,0.0,0.0,0.0,0.0,0.5483870967741935,0.9510752688172043,5.064516129032258,0.031720430107526884,0.0002956989247311829,0.007724014336917562
0,0,0,2005-11-15 04:00:00,12,0.0,0.0,0.0,0.0,0.0,0.5483870967741935,0.9510752688172043,5.419354838709677,0.031720430107526884,0.0002956989247311829,0.007724014336917562
0,0,0,2005-11-16 04:00:00,13,0.0,0.0,0.0,0.0,0.0,0.5483870967741935,0.9510752688172043,5.774193548387097,0.031720430107526884,0.0002956989247311829,0.007724014336917562
0,0,0,2005-11-17 04:00:00,14,0.0,0.0,0.0,0.0,0.0,0.5483870967741935,0.9510752688172043,6.129032258064516,0.031720430107526884,0.0002956989247311829,0.007724014336917562
0,0,0,2005-11-18 04:00:00,15,0.0,0.0,0.0,0.0,0.0,0.5483870967741935,0.9510752688172043,6.483870967741935,0.031720430107526884,0.0002956989247311829,0.007724014336917562
0,0,0,2005-11-19 04:00:00,16,0.0,0.0,0.0,0.0,0.0,0.5483870967741935,0.9510752688172043,6.838709677419355,0.031720430107526884,0.0002956989247311829,0.007724014336917562
0,0,0,2005-11-20 04:00:00,17,0.0,0.0,0.0,0.0,0.0,0.5483870967741935,0.9510752688172043,7.193548387096774,0.031720430107526884,0.0002956989247311829,0.007724014336917562
0,0,0,2005-11-21 04:00:00,18,0.0,0.0,0.0,0.0,0.0,0.5483870967741935,0.9510752688172043,7.548387096774194,0.031720430107526884,0.0002956989247311829,0.007724014336917562
0,0,0,2005-11-22 04:00:00,19,0.0,0.0,0.0,0.0,0.0,0.5483870967741935,0.9510752688172043,7.903225806451613,0.031720430107526884,0.0002956989247311829,0.007724014336917562
0,0,0,2005-11-23 04:00:00,20,0.0,0.0,0.0,0.0,0.0,0.5483870967741935,0.9510752688172043,8.258064516129032,0.031720430107526884,0.0002956989247311829,0.007724014336917562
0,0,0,2005-11-24 04:00:00,21,0.0,0.0,0.0,0.0,0.0,0.16129032258064516,0.6580645161290322,8.612903225806452,0.012903225806451613,0.00043010752688172054,0.004677419354838709
0,0,0,2005-11-25 04:00:00,22,0.0,0.0,0.0,0.0,0.0,0.16129032258064516,0.6580645161290322,9.32258064516129,0.012903225806451613,0.00043010752688172054,0.004677419354838709
0,0,0,2005-11-26 04:00:00,23,0.0,0.0,0.0,0.0,0.0,0.16129032258064516,0.6580645161290322,10.03225806451613,0.012903225806451613,0.00043010752688172054,0.004677419354838709
0,0,0,2005-11-27 04:00:00,24,0.0,0.0,0.0,0.0,0.0,0.16129032258064516,0.6580645161290322,10.741935483870968,0.012903225806451613,0.00043010752688172054,0.004677419354838709
0,0,0,2005-11-28 04:00:00,25,0.0,0.0,0.0,0.0,0.0,0.16129032258064516,0.6580645161290322,11.451612903225806,0.012903225806451613,0.00043010752688172054,0.004677419354838709
0,0,0,2005-11-29 04:00:00,26,0.0,0.0,0.0,0.0,0.0,0.16129032258064516,0.6580645161290322,12.161290322580646,0.012903225806451613,0.00043010752688172054,0.004677419354838709
0,0,0,2005-11-30 04:00:00,27,0.0,0.0,0.0,0.0,0.0,0.16129032258064516,0.6580645161290322,12.870967741935484,0.012903225806451613,0.00043010752688172054,0.004677419354838709
0,0,0,2005-12-01 04:00:00,28,0.0,0.0,0.0,0.0,0.0,0.16666666666666666,0.6799999999999999,13.8,0.013333333333333334,0.0004444444444444445,0.004833333333333333
0,0,0,2005-12-02 04:00:00,29,0.0,0.0,0.0,0.0,0.0,0.0,0.0,14.5,0.0,0.0,0.0
0,0,0,2005-12-03 04:00:00,30,0.0,0.0,0.0,0.0,0.0,0.0,0.0,15.5,0.0,0.0,0.0
0,0,0,2005-12-04 04:00:00,31,0.0,0.0,0.0,0.0,0.0,0.0,0.0,16.5,0.0,0.0,0.0
0,0,0,2005-12-05 04:00:00,32,0.0,0.0,0.0,0.0,0.0,0.0,0.0,17.5,0.0,0.0,0.0
0,0,0,2005-12-06 04:00:00,33,0.0,0.0,0.0,0.0,0.0,0.0,0.0,18.5,0.0,0.0,0.0
0,0,0,2005-12-07 04:00:00,34,0.0,0.0,0.0,0.0,0.0,0.0,0.0,19.5,0.0,0.0,0.0
0,0,0,2005-12-08 04:00:00,35,0.0,0.0,0.0,0.0,0.0,0.0,0.0,20.5,0.0,0.0,0.0
0,0,0,2005-12-09 04:00:00,36,0.0,0.0,0.0,0.0,0.0,0.0,0.0,21.5,0.0,0.0,0.0
0,0,0,2005-12-10 04:00:00,37,0.0,0.0,0.0,0.0,0.0,0.0,0.0,22.5,0.0,0.0,0.0
0,0,0,2005-12-11 04:00:00,38,0.0,0.0,0.0,0.0,0.0,0.0,0.0,23.5,0.0,0.0,0.0
0,0,0,2005-12-12 04:00:00,39,0.0,0.0,0.0,0.0,0.0,0.0,0.0,24.5,0.0,0.0,0.0
0,0,0,2005-12-13 04:00:00,40,0.0,0.0,0.0,0.0,0.0,0.0,0.0,25.5,0.0,0.0,0.0
0,0,0,2005-12-14 04:00:00,41,0.0,0.0,0.0,0.0,0.0,0.0,0.0,26.5,0.0,0.0,0.0
0,0,0,2005-12-15 04:00:00,42,0.0,0.0,0.0,0.0,0.0,0.0,0.0,27.5,0.0,0.0,0.0
0,0,0,2005-12-16 04:00:00,43,0.0,0.0,0.0,0.0,0.0,0.0,0.0,28.5,0.0,0.0,0.0
0,0,0,2005-12-17 04:00:00,44,0.0,0.0,0.0,0.0,0.0,0.0,0.0,29.5,0.0,0.0,0.0
0,0,0,2005-12-18 04:00:00,45,0.0,0.0,0.0,0.0,0.0,0.0,0.0,30.5,0.0,0.0,0.0
0,0,0,2005-12-19 04:00:00,46,0.0,0.0,0.0,0.0,0.0,0.0,0.0,31.5,0.0,0.0,0.0
0,0,0,2005-12-20 04:00:00,47,0.0,0.0,0.0,0.0,0.0,0.0,0.0,32.5,0.0,0.0,0.0
0,0,0,2005-12-21 04:00:00,48,0.0,0.0,0.0,0.0,0.0,0.0,0.0,33.5,0.0,0.0,0.0
0,0,0,2005-12-22 04:00:00,49,0.0,0.0,0.0,0.0,0.0,0.0,0.0,34.5,0.0,0.0,0.0
0,0,0,2005-12-23 04:00:00,50,0.0,0.0,0.0,0.0,0.0,0.0,0.0,35.5,0.0,0.0,0.0
0,0,0,2005-12-24 04:00:00,51,0.0,0.0,0.0,0.0,0.0,0.0,0.0,36.5,0.0,0.0,0.0
0,0,0,2005-12-25 04:00:00,52,0.0,0.0,0.0,0.0,0.0,0.0,0.0,37.5,0.0,0.0,0.0
0,0,0,2005-12-26 04:00:00,53,0.0,0.0,0.0,0.0,0.0,0.0,0.0,38.5,0.0,0.0,0.0
0,0,0,2005-12-27 04:00:00,54,0.0,0.0,0.0,0.0,0.0,0.0,0.0,39.5,0.0,0.0,0.0
0,0,0,2005-12-28 04:00:00,55,0.0,0.0,0.0,0.0,0.0,0.0,0.0,40.5,0.0,0.0,0.0
0,0,0,2005-12-29 04:00:00,56,0.0,0.0,0.0,0.0,0.0,0.0,0.0,41.5,0.0,0.0,0.0
0,0,0,2005-12-30 04:00:00,57,0.0,0.0,0.0,0.0,0.0,0.0,0.0,42.5,0.0,0.0,0.0
0,0,0,2005-12-31 04:00:00,58,0.0,0.0,0.0,0.0,0.0,0.0,0.0,43.0,0.0,0.0,0.0
0,0,0,2006-01-01 04:00:00,59,0.0,0.0,0.0,0.0,0.0,0.0,0.0,44.0,0.0,0.0,0.0
0,0,0,2006-01-02 04:00:00,60,0.0,0.0,0.0,0.0,0.0,0.0,0.0,45.0,0.0,0.0,0.0
0,0,0,2006-01-03 04:00:00,61,0.0,0.0,0.0,0.0,0.0,0.0,0.0,46.0,0.0,0.0,0.0
0,0,0,2006-01-04 04:00:00,62,0.0,0.0,0.0,0.0,0.0,0.0,0.0,47.0,0.0,0.0,0.0
0,0,0,2006-01-05 04:00:00,63,0.0,0.0,0.0,0.0,0.0,0.0,0.0,48.0,0.0,0.0,0.0
0,0,0,2006-01-06 04:00:00,64,0.0,0.0,0.0,0.0,0.0,0.0,0.0,49.0,0.0,0.0,0.0
0,0,0,2006-01-07 04:00:00,65,0.0,0.0,0.0,0.0,0.0,0.0,0.0,50.0,0.0,0.0,0.0
0,0,0,2006-01-08 04:00:00,66,0.0,0.0,0.0,0.0,0.0,0.0,0.0,51.0,0.0,0.0,0.0
0,0,0,2006-01-09 04:00:00,67,0.0,0.0,0.0,0.0,0.0,0.0,0.0,52.0,0.0,0.0,0.0
0,0,0,2006-01-10 04:00:00,68,0.0,0.0,0.0,0.0,0.0,0.0,0.0,53.0,0.0,0.0,0.0
0,0,0,2006-01-11 04:00:00,69,0.0,0.0,0.0,0.0,0.0,0.0,0.0,54.0,0.0,0.0,0.0
0,0,0,2006-01-12 04:00:00,70,0.0,0.0,0.0,0.0,0.0,0.0,0.0,55.0,0.0,0.0,0.0
0,0,0,2006-01-13 04:00:00,71,0.0,0.0,0.0,0.0,0.0,0.0,0.0,56.0,0.0,0.0,0.0
0,0,0,2006-01-14 04:00:00,72,0.0,0.0,0.0,0.0,0.0,0.0,0.0,57.0,0.0,0.0,0.0
0,0,0,2006-01-15 04:00:00,73,0.0,0.0,0.0,0.0,0.0,0.0,0.0,58.0,0.0,0.0,0.0
0,0,0,2006-01-16 04:00:00,74,0.0,0.0,0.0,0.0,0.0,0.0,0.0,59.0,0.0,0.0,0.0
0,0,0,2006-01-17 04:00:00,75,0.3333333333333333,9.0,0.0,0.0,6.4444444444444455,0.2903225806451613,0.20788530465949825,60.0,0.01075268817204301,0.0,0.0
0,0,0,2006-01-18 04:00:00,0,0.2857142857142857,3.0,-0.08333333333333334,0.21666666666666665,9.142857142857142,0.3870967741935484,0.5028161802355351,58.54838709677419,0.019969278033794162,-0.002688172043010753,0.006989247311827956
0,0,0,2006-01-19 04:00:00,0,0.0,0.0,0.0,0.0,0.0,0.3870967741935484,0.5028161802355351,57.064516129032256,0.019969278033794162,-0.002688172043010753,0.006989247311827956
0,0,0,2006-01-20 04:00:00,1,0.0,0.0,0.0,0.0,0.0,0.3870967741935484,0.5028161802355351,55.58064516129032,0.019969278033794162,-0.002688172043010753,0.006989247311827956
0,0,0,2006-01-21 04:00:00,2,0.0,0.0,0.0,0.0,0.0,0.3870967741935484,0.5028161802355351,54.096774193548384,0.019969278033794162,-0.002688172043010753,0.006989247311827956
0,0,0,2006-01-22 04:00:00,3,0.0,0.0,0.0,0.0,0.0,0.3870967741935484,0.5028161802355351,52.61290322580645,0.019969278033794162,-0.002688172043010753,0.006989247311827956
0,0,0,2006-01-23 04:00:00,4,0.0,0.0,0.0,0.0,0.0,0.3870967741935484,0.5028161802355351,51.12903225806452,0.019969278033794162,-0.002688172043010753,0.006989247311827956
0,0,0,2006-01-24 04:00:00,5,0.0,0.0,0.0,0.0,0.0,0.3870967741935484,0.5028161802355351,49.645161290322584,0.019969278033794162,-0.002688172043010753,0.006989247311827956
